date,model_decile,count,avg_model_score,avg_stock_return_14d,median_stock_return_14d,avg_excess_vs_spy_14d,median_excess_vs_spy_14d,avg_sector_neutral_return_14d_after_cost,median_sector_neutral_return_14d_after_cost,winsorized_sector_neutral_return_14d_after_cost,hit_rate_vs_spy,hit_rate_sector_neutral_after_cost,top5_positive_contribution_share
2026-01-22,1,51,-0.23396237194538116,0.024285529566681664,0.04898383847473142,0.03583452247958168,0.060532831387631436,-0.00011807705651502979,0.0009830018324584202,0.0021801684254201597,0.7058823529411765,0.5098039215686274,0.4605193373703133
2026-01-22,2,50,-0.23396238684654236,0.017508030656612116,0.04738898298273775,0.029057023569512133,0.05893797589563776,-0.008858420089955951,0.0025505310466796285,-0.008494511554404713,0.72,0.54,0.408092597268423
2026-01-22,3,50,-0.23396238684654236,0.02547552220617665,0.043236563492788926,0.037024515119076666,0.05478555640568894,0.004314826962671572,0.008422824593909696,0.001780651163859528,0.78,0.54,0.4916419440739277
2026-01-22,4,50,-0.23396238684654236,0.0236971784416676,0.04753031948688502,0.03524617135456761,0.05907931239978503,0.006126254051330204,0.0059246580398577015,0.006411598773288813,0.72,0.54,0.4100441861465015
2026-01-22,5,50,-0.22505775094032288,-0.007139504481705717,0.005800427046766976,0.004409488431194297,0.01734941995966699,-0.014073301401801758,0.00858066873147856,-0.011724374453119664,0.58,0.56,0.3600723086887213
2026-01-22,6,50,-0.20386241376399994,0.01602579670409868,0.026862431652694196,0.027574789616998694,0.03841142456559421,-0.001882517464753919,0.00031216609420797866,0.0004959227525699661,0.66,0.5,0.43167773707542434
2026-01-22,7,50,-0.19651800394058228,0.022092945017849985,0.038559513144235336,0.03364193793075,0.05010850605713535,0.006977720810897072,0.025631370845705492,0.0059504289372606,0.64,0.58,0.3829488038096595
2026-01-22,8,50,-0.1837327927350998,-0.03947138616098265,-0.013947336333373694,-0.027922393248082635,-0.002398343420473681,-0.03649385247798443,-0.020404113705941196,-0.04375221241141365,0.46,0.46,0.5477038029096483
2026-01-22,9,50,-0.06815504282712936,0.01177424441158209,0.016560954894699664,0.0233232373244821,0.028109947807599678,0.01382087642408275,0.013310214393307818,0.012356178594974036,0.64,0.52,0.43479686041872256
2026-01-22,10,50,0.1247759759426117,-0.008158712477819054,-0.03540082735575567,0.003390280435080959,-0.023851834442855657,0.00262208136767242,-0.023565237185843246,-0.0073443676471100176,0.48,0.48,0.46663873105773
2026-01-23,1,51,-0.23396237194538116,0.03142743984624017,0.05889872539840746,0.04727774026741647,0.07474902581958376,-0.00036492792429159386,0.0020407684006660833,0.0025037970961953844,0.7450980392156863,0.5490196078431373,0.3956701927539631
2026-01-23,2,50,-0.23396238684654236,0.031244072894269004,0.04763025056348058,0.04709437331544531,0.06348055098465688,-0.0009057200069359239,0.013900042494705058,0.0005520787451891584,0.84,0.52,0.35479706575984876
2026-01-23,3,50,-0.23396238684654236,0.023589219211244638,0.041811449507173304,0.03943951963242094,0.057661749928349604,-0.0044232074979356885,-0.007094772792763713,-0.005950055865558939,0.7,0.48,0.560423069909991
2026-01-23,4,50,-0.23396238684654236,0.029809562749159326,0.05191091582052065,0.04565986317033563,0.06776121624169695,0.008892844746224263,0.010444069862073526,0.008149588320737063,0.74,0.54,0.4248274120487921
2026-01-23,5,50,-0.22517715394496918,-0.011486686468932162,-0.004166507842525313,0.004363613952244138,0.011683792578650987,-0.023556050183295443,-0.00524361713859439,-0.022976063122785422,0.52,0.48,0.441471081038505
2026-01-23,6,50,-0.20381593704223633,0.031030994305439766,0.03585632749616763,0.04688129472661608,0.05170662791734393,0.009564140090429298,0.007036402951770661,0.012169234817562184,0.72,0.58,0.3578523164659942
2026-01-23,7,50,-0.19676850736141205,0.027440929150541162,0.04448314058447911,0.043291229571717466,0.06033344100565541,0.004396056457044315,0.03971194430491304,0.005069422890652883,0.72,0.6,0.382150658884103
2026-01-23,8,50,-0.18384486436843872,-0.0342670184894024,-0.03682341004949247,-0.018416718068226104,-0.020973109628316167,-0.025613158522828968,-0.02668065690151189,-0.03339719369360037,0.44,0.4,0.5550594126494599
2026-01-23,9,50,-0.07197030633687973,0.032898143984051095,0.041788200510245344,0.048748444405227395,0.05763850093142164,0.03163133796000974,0.025901228642056295,0.03068125386170956,0.76,0.58,0.3757649404433443
2026-01-23,10,50,0.12404262274503708,0.004606313575748405,0.004054920490991432,0.020456613996924708,0.01990522091216773,0.012307224079242642,0.0010069193652879633,0.006729654398195055,0.54,0.5,0.47944055849822675
2026-01-26,1,51,-0.23396237194538116,0.018799470216822906,0.05581728750386805,0.03697373175600058,0.07399154904304572,-0.01418838534458859,-0.007082893137400457,-0.01090068675922697,0.7254901960784313,0.47058823529411764,0.4533605782113357
2026-01-26,2,50,-0.23396238684654236,0.03716334587689441,0.058448813986457404,0.055337607416072083,0.07662307552563508,0.002143285085112545,0.002945427037048422,0.004443015341853671,0.82,0.52,0.3648150347152872
2026-01-26,3,50,-0.23396238684654236,0.021878521446238964,0.039456745642620805,0.04005278298541663,0.05763100718179848,-0.006033427295249903,-0.0063889810226521165,-0.007016341147081642,0.72,0.46,0.5811685952075071
2026-01-26,4,50,-0.23396238684654236,0.026474075862017162,0.03832491521907533,0.04464833740119484,0.056499176758253,-0.0006887772529328995,0.001491945748900604,-0.000738532213354238,0.78,0.5,0.5034516401753885
2026-01-26,5,50,-0.22504308819770813,0.0004377359009751602,0.01267421441894434,0.018611997440152833,0.030848475958122012,-0.008335083445637746,0.010371729705409118,-0.009937373753146007,0.6,0.54,0.41185649748960046
2026-01-26,6,50,-0.20404374599456787,0.032229489833603624,0.030044564948861097,0.050403751372781296,0.04821882648803877,0.005079487986722018,0.0016809222411567361,0.005160844399606944,0.78,0.52,0.4650684007376811
2026-01-26,7,50,-0.1964098960161209,0.01473220700136306,0.030152176389974583,0.03290646854054073,0.048326437929152255,0.006643053230001586,0.03749801323359303,0.0073562340641665745,0.68,0.62,0.34203729116357184
2026-01-26,8,50,-0.18340912461280823,-0.03285840960749603,-0.04659748695753063,-0.014684148068318357,-0.02842322541835296,-0.028062172278586237,-0.025168695552356846,-0.032456256926220874,0.46,0.4,0.5809235092340175
2026-01-26,9,50,-0.07396144419908524,0.0407283023706423,0.05973848676694171,0.05890256390981997,0.07791274830611938,0.04959802795727902,0.07137255530801917,0.05151119509451523,0.76,0.62,0.31504309859548896
2026-01-26,10,50,0.12536244094371796,-0.004823225400692958,-0.02675775906068284,0.013351036138484713,-0.008583497521505168,0.0017782712214265994,0.0071236360032509456,-0.0026400464619408016,0.46,0.52,0.5279568531247782
2026-01-27,1,51,-0.23396237194538116,0.025464252278923055,0.050454588125439015,0.038592964580342934,0.06358330042685889,-0.010383479278653235,-0.005195664985897684,-0.009343180614383382,0.7254901960784313,0.43137254901960786,0.494106080911745
2026-01-27,2,50,-0.23396238684654236,0.0288688561942792,0.04348670273604305,0.04199756849569908,0.056615415037462924,-0.00872301465946636,-0.00026396769433983816,-0.008737858738406675,0.78,0.48,0.3979687229958234
2026-01-27,3,50,-0.23396238684654236,0.0333687003649099,0.05324999615625048,0.04649741266632978,0.06637870845767035,-0.00043673809143049305,-0.0014604449341703558,-0.0008386686860704907,0.76,0.5,0.4702669219300871
2026-01-27,4,50,-0.23396238684654236,0.03188725597427508,0.047250319142556174,0.04501596827569496,0.06037903144397605,0.002518598944143033,0.0051380649107254945,0.0021116672581956942,0.74,0.52,0.4597089613461598
2026-01-27,5,50,-0.2252439558506012,0.006349036987178207,0.021143990657360834,0.019477749288598082,0.03427270295878071,-0.009806395999233124,-0.00922355371997968,-0.010449037503537626,0.56,0.42,0.4624620674428589
2026-01-27,6,50,-0.20407328009605408,0.03593321271256847,0.048707200238119586,0.04906192501398835,0.06183591253953946,0.003257832553242419,0.002580398255045692,0.004293963303002421,0.74,0.52,0.44020744135939516
2026-01-27,7,50,-0.1960315853357315,0.043611181016186135,0.06967542111914438,0.056739893317606004,0.08280413342056425,0.0319608766006131,0.041834995762631666,0.03216477087631749,0.72,0.7,0.30802189294831084
2026-01-27,8,50,-0.1833299696445465,0.002747265905187453,-0.00231158637906409,0.015875978206607327,0.010817125922355786,-0.0046291609258295695,-0.0014391323811946395,-0.01115138636035218,0.56,0.5,0.5439684820213929
2026-01-27,9,50,-0.07235706597566605,0.03740179805244049,0.057485539403965724,0.050530510353860365,0.0706142517053856,0.036294879821880524,0.04243280845128122,0.034606687211294354,0.78,0.66,0.36462376316194606
2026-01-27,10,50,0.12750941514968872,-0.0015946126907993752,-0.015318176039970044,0.011534099610620501,-0.002189463738550168,0.0034062101790451214,0.0011249917593810237,-0.0018972454469479328,0.5,0.5,0.6060416534168048
2026-01-28,1,51,-0.23396237194538116,0.021393453997530947,0.04494123194444821,0.03516792549847086,0.05871570344538812,-0.0111251769870394,-0.005145140578499406,-0.0090678954010559,0.7254901960784313,0.47058823529411764,0.481724638873246
2026-01-28,2,50,-0.23396238684654236,0.017106429237814136,0.02619745895776282,0.030880900738754047,0.03997193045870273,-0.0139399801491375,-0.0033892554068021812,-0.014020255584211478,0.72,0.46,0.4414550162962307
2026-01-28,3,50,-0.23396238684654236,0.02527415844935929,0.044671528909926095,0.0390486299502992,0.058446000410866006,0.0018288516708096724,-0.004947120061451092,0.0012226440005106399,0.7,0.44,0.5489986764278145
2026-01-28,4,50,-0.23396238684654236,0.020890088631605668,0.034848065422439345,0.03466456013254558,0.048622536923379256,-0.002679257149926886,0.0004255966351987563,-0.004599629637312443,0.74,0.5,0.48715097841744587
2026-01-28,5,50,-0.2245548665523529,0.02214683047700042,0.026793876844170894,0.035921301977940336,0.040568348345110805,0.008792140934565708,0.017048597174632307,0.005230234892528923,0.68,0.58,0.4653137642155067
2026-01-28,6,50,-0.20473358035087585,0.029228447105943585,0.039869032233490476,0.04300291860688349,0.05364350373443039,0.010241319789663264,0.0029960694674760497,0.011257015885216241,0.74,0.5,0.3969403792280828
2026-01-28,7,50,-0.19594867527484894,0.028278593388714194,0.060191725701122856,0.04205306488965411,0.07396619720206277,0.013449144822554406,0.02798042256477934,0.017358655076962947,0.72,0.6,0.31377735471088153
2026-01-28,8,50,-0.18302595615386963,-0.010762380355817358,-0.00967309891712509,0.003012091145122553,0.004101372583814822,-0.0193001066951194,-0.006070818416414601,-0.019480604613666342,0.52,0.48,0.4069113604834853
2026-01-28,9,50,-0.07518164813518524,0.052834764537597965,0.060132243383807404,0.06660923603853787,0.07390671488474732,0.047727388887237696,0.047400545703358,0.05158256665789937,0.8,0.74,0.3409964151237378
2026-01-28,10,50,0.12446483969688416,0.0002491142340747077,-0.010049996459411958,0.014023585735014618,0.0037244750415279526,0.00820543535989169,-0.017847382444840743,0.00019514701481570417,0.52,0.46,0.6051436278347168
2026-01-29,1,51,-0.23396237194538116,0.03204726124443355,0.04600547895317719,0.03571785083659049,0.04967606854533413,-0.003383036705948429,-0.006805056348409165,-0.0063900169450485465,0.7058823529411765,0.43137254901960786,0.5730807838387134
2026-01-29,2,50,-0.23396238684654236,0.018816551215845564,0.038265635768930495,0.0224871408080025,0.04193622536108743,-0.015658982083041693,-0.004856720763821097,-0.016079623934486177,0.74,0.46,0.4535742426464074
2026-01-29,3,50,-0.23396238684654236,0.020180916750311067,0.03431352953370359,0.023851506342468003,0.03798411912586053,-0.01271274337179467,0.00038963772357592094,-0.010740375049999064,0.72,0.5,0.45666185796451886
2026-01-29,4,50,-0.23396238684654236,0.021417967185706894,0.040424588482416146,0.02508855677786383,0.04409517807457308,-0.0070782813209136,-0.006368782334234378,-0.007941709116885892,0.7,0.46,0.4982396250332817
2026-01-29,5,50,-0.22478117048740387,0.01604719365756515,0.03168759746613625,0.019717783249722086,0.03535818705829319,-0.00023232838940218993,0.01742998021507408,-9.505066807263873e-05,0.64,0.56,0.3982750803917002
2026-01-29,6,50,-0.2047148197889328,0.031974164318755466,0.03789495045904501,0.0356447539109124,0.041565540051201944,0.0016069896421167828,-0.0017038204611458095,0.0031080752595612905,0.64,0.46,0.451001246555411
2026-01-29,7,50,-0.1960875391960144,0.05482834449569811,0.06827054293372736,0.058498934087855045,0.0719411325258843,0.031023807360831566,0.046403306840565484,0.03521092910003978,0.8,0.68,0.293242547613202
2026-01-29,8,50,-0.18332195281982422,-0.009509513398345515,-0.006533355817429365,-0.005838923806188579,-0.0028627662252724284,-0.018002517886220003,-0.007048812085714449,-0.01689344520232789,0.48,0.48,0.40832894920093626
2026-01-29,9,50,-0.07295731455087662,0.05460265463584369,0.07036527487873345,0.05827324422800063,0.07403586447089039,0.04441169144237074,0.05337630065107196,0.04226062215839707,0.74,0.7,0.33570322347174464
2026-01-29,10,50,0.12201523780822754,0.04296871845196243,0.009544100055215998,0.046639308044119365,0.013214689647372935,0.03503939200508868,0.00015407062525002587,0.029201906933552926,0.56,0.5,0.5272976686655891
2026-01-30,1,51,-0.23396237194538116,0.01991875766966228,0.02928069463727323,0.038641465198929914,0.048003402166540865,-0.00945219068697946,-0.013078175765969867,-0.008535415659175186,0.7450980392156863,0.47058823529411764,0.4918423405609399
2026-01-30,2,50,-0.23396238684654236,0.009318437764927832,0.02373738578480078,0.028041145294195467,0.042460093314068414,-0.01578306648687964,-0.009189241302428095,-0.01672184615279765,0.7,0.44,0.5073736574107962
2026-01-30,3,50,-0.23396238684654236,0.014913290294225494,0.035219636910846175,0.03363599782349312,0.05394234444011381,-0.0043629213654497075,3.8530497288914636e-05,-0.0029091163882366366,0.68,0.5,0.46477570558527165
2026-01-30,4,50,-0.23396238684654236,0.02542273679427308,0.04173417285864123,0.04414544432354071,0.06045688038790886,0.009519214711554225,0.004318299828334484,0.008406943281856231,0.7,0.52,0.5037628470224906
2026-01-30,5,50,-0.22501903772354126,-0.006851300505255147,-0.009156355895368673,0.011871407024012489,0.009566351633898962,-0.0011501361628078889,0.015474017981384647,-0.005073579379124648,0.52,0.56,0.4839207369832649
2026-01-30,6,50,-0.20455476641654968,0.03140416592828202,0.04530165516334739,0.05012687345754965,0.06402436269261502,0.01204527137630815,0.007436436119898028,0.014566986841924518,0.76,0.56,0.3952949980107185
2026-01-30,7,50,-0.19569218158721924,0.020850732068590512,0.05222648772729632,0.03957343959785814,0.07094919525656396,0.009220471763605374,0.009126252967718464,0.012867224374338822,0.72,0.56,0.3456768416732502
2026-01-30,8,50,-0.1840185970067978,-0.02883428224461996,-0.03542928195145412,-0.010111574715352322,-0.016706574422186482,-0.01697077483997113,-0.019190503857003993,-0.01995001739842043,0.44,0.4,0.5276076015355939
2026-01-30,9,50,-0.06578705459833145,0.015711504456971632,0.020445094981494383,0.03443421198623927,0.03916780251076202,0.015457286357724493,0.010345271296584748,0.013524630350230193,0.68,0.62,0.43943507013373406
2026-01-30,10,50,0.12660221755504608,0.009095804866585334,-0.0058808710258544394,0.02781851239585297,0.012841836503413195,0.023040697096480073,-0.008087675582662488,0.019566207190104143,0.58,0.48,0.5402086278465631
2026-02-02,1,51,-0.23396237194538116,0.034774023651344355,0.04792848953134321,0.037935700166241544,0.05109016604624039,0.0002827247974515961,8.562999717615224e-05,-0.0023188808531386853,0.7058823529411765,0.5098039215686274,0.5120773104779951
2026-02-02,2,50,-0.23396238684654236,0.013605497853693497,0.02948617536786824,0.01676717436859068,0.03264785188276542,-0.016317365192902708,-0.01620886743690758,-0.016766441437596594,0.68,0.4,0.5284265397283798
2026-02-02,3,50,-0.23396238684654236,0.006553070084350776,0.02464900256049052,0.009714746599247958,0.0278106790753877,-0.0181931105779767,-0.01905211834477577,-0.019118893368938735,0.56,0.3,0.5785939177875765
2026-02-02,4,50,-0.23396238684654236,0.02279194710375567,0.04614334082879901,0.02595362361865286,0.04930501734369619,0.006018139545844772,0.0028834299673024546,0.006900371303553101,0.66,0.52,0.4807184048170481
2026-02-02,5,50,-0.2246820628643036,0.013345509376069707,0.020144480462568448,0.016507185890966888,0.02330615697746563,0.0020948024377406417,-0.0026099769563847617,0.000812963278519857,0.66,0.48,0.50584172684435
2026-02-02,6,50,-0.20463311672210693,0.043831013382781336,0.04424446626217349,0.04699268989767852,0.04740614277707067,0.021592235096957152,0.007755869061305378,0.01780781491526873,0.76,0.56,0.44901979343437476
2026-02-02,7,50,-0.1957562118768692,0.01646365665007592,0.029468551970073587,0.019625333164973103,0.03263022848497077,0.003445260628416207,0.0016617341515199903,0.004115580220369646,0.66,0.54,0.4271999786394163
2026-02-02,8,50,-0.18415126204490662,0.001258234137987877,0.001002264932432495,0.004419910652885059,0.004163941447329678,-0.005588356157600214,-0.014739883236473626,-0.009238719719697393,0.52,0.38,0.5075830000027652
2026-02-02,9,50,-0.07178141921758652,0.023759985737578045,0.0204082149975936,0.026921662252475227,0.02356989151249078,0.014544277861849317,0.006581393566085949,0.014679626620910486,0.6,0.62,0.4180814572272759
2026-02-02,10,50,0.12278218567371368,0.04958735805529633,0.0167766156636735,0.05274903457019351,0.019938292178570682,0.040828062583122327,0.006421606766575995,0.033076296846617274,0.54,0.52,0.5179417874678953
2026-02-03,1,51,-0.23396237194538116,0.0201168891955891,0.029140333476594282,0.009973842292905133,0.01899728657391031,-0.01083519001745909,-0.006882299868184947,-0.014782377331296481,0.6078431372549019,0.49019607843137253,0.5324587319564059
2026-02-03,2,50,-0.23396238684654236,-0.0009360189128458951,0.00019142744719119476,-0.011079065815529867,-0.009951619455492777,-0.01811497027543484,-0.016099102771315044,-0.01793091406985595,0.46,0.36,0.5554249446627739
2026-02-03,3,50,-0.23396238684654236,0.003806332810256794,0.004485303008480601,-0.006336714092427178,-0.005657743894203371,-0.013236219604948115,-0.020565253034708297,-0.012678172251580846,0.48,0.32,0.5045484153810845
2026-02-03,4,50,-0.23396238684654236,0.01811937033758647,0.017529214081901556,0.007976323434902495,0.007386167179217584,-0.002096477588233905,-0.005715947647502826,-0.0019751931314809564,0.58,0.46,0.49313059042478896
2026-02-03,5,50,-0.22470487654209137,-0.003358071795487063,-0.0062616127573923985,-0.013501118698171034,-0.01640465966007637,-0.014328478815066638,-0.008680958441645346,-0.013662427659393593,0.44,0.46,0.5150928820365664
2026-02-03,6,50,-0.2048635482788086,0.01691147631403009,0.014743080183086232,0.006768429411346117,0.00460003328040226,-0.0013501467821638146,-0.005907242390734533,-0.0010707138739970196,0.54,0.48,0.4589354622982645
2026-02-03,7,50,-0.19612818956375122,0.005618545779257767,0.005368339981873804,-0.004524501123426205,-0.004774706920810168,-0.0049228919250875755,-0.015574526217484341,-0.00863209278457964,0.44,0.42,0.5482698383993851
2026-02-03,8,50,-0.18348367512226105,-0.016106618640860923,-0.021283413456729405,-0.02624966554354489,-0.03142646035941338,-0.03366864008556279,-0.030075995775631692,-0.03587552089419051,0.34,0.3,0.6943304212978056
2026-02-03,9,50,-0.0717039555311203,0.027823014430072374,0.023059392735129247,0.0176799675273884,0.012916345832445275,0.003651658296571678,-0.0050783236105053624,0.0031769578321265953,0.56,0.46,0.5157251457626091
2026-02-03,10,50,0.12479972094297409,0.08096158366898316,0.03612250766971281,0.07081853676629919,0.02597946076702884,0.05988245876077998,0.023086248364785067,0.05986191619323395,0.54,0.54,0.44184981509692
2026-02-04,1,51,-0.23396237194538116,0.03360110185263751,0.0380444249986327,0.01636438641952584,0.020807709565521026,-0.007483590688575916,0.00033124184614358307,-0.010182406353180865,0.6470588235294118,0.5098039215686274,0.5635069011352318
2026-02-04,2,50,-0.23396238684654236,0.009545840053144848,0.012102617675079475,-0.007690875379966824,-0.005134097758032197,-0.02043127553325314,-0.01997161536132236,-0.019903843435430713,0.48,0.34,0.5840825311986902
2026-02-04,3,50,-0.23396238684654236,0.0223317137381558,0.027364983666944287,0.005094998305044127,0.010128268233832616,-0.011616634149037897,-0.019759256480650522,-0.011770717806481647,0.6,0.4,0.428574260582396
2026-02-04,4,50,-0.23396238684654236,0.019249129807091366,0.0235429160891355,0.002012414373979694,0.00630620065602383,-0.010147169581952857,-0.010196055379197376,-0.009768211322630409,0.58,0.42,0.5489707045923614
2026-02-04,5,50,-0.22354954481124878,0.006675200162642268,0.01025158997317377,-0.010561515270469404,-0.006985125459937902,-0.015480325168767189,-0.019650633167810516,-0.017088877090973162,0.34,0.38,0.6101914600651699
2026-02-04,6,50,-0.2046702355146408,0.039727279859782534,0.037908102441355895,0.02249056442667086,0.020671387008244224,0.010867482376565702,0.008372316890199795,0.012088807676222304,0.72,0.6,0.44156967511638673
2026-02-04,7,50,-0.1958012729883194,0.017516368088099924,0.006086417801947852,0.00027965265498825387,-0.011150297631163819,-0.006080063671372995,-0.016618034947845695,-0.010021388936980147,0.4,0.4,0.5904630370738561
2026-02-04,8,50,-0.18447105586528778,0.011806665104469467,0.004918915686627279,-0.005430050328642204,-0.012317799746484392,-0.018466409878014362,-0.013583774140001559,-0.016928474459157575,0.48,0.42,0.5186842924943027
2026-02-04,9,50,-0.06785258650779724,0.06235681255381817,0.045191724374757936,0.045120097120706484,0.027955008941646264,0.02971610274326779,0.019079732103892133,0.027870247740779956,0.7,0.6,0.5020163823032961
2026-02-04,10,50,0.1276998370885849,0.09835221989357062,0.07141857117999872,0.08111550446045893,0.05418185574688705,0.06675023862339108,0.04671595953322788,0.06658772837869424,0.68,0.68,0.355732164273393
2026-02-05,1,51,-0.23396237194538116,0.013617992182064515,0.021620607152589066,0.020322085479832178,0.028324700450356732,-0.012365787193288796,-0.0053903523265592095,-0.0121974805213979,0.6078431372549019,0.45098039215686275,0.4958267922030111
2026-02-05,2,50,-0.23396238684654236,0.005332468187839215,0.01779803675203695,0.01203656148560688,0.024502130049804616,-0.005596881387664831,-0.002248268024496568,-0.004932978127179235,0.56,0.46,0.5008469226114424
2026-02-05,3,50,-0.23396238684654236,0.022836520651866695,0.0346465124048555,0.029540613949634354,0.04135060570262317,0.005995739150345445,0.01325656536988279,0.004702915071136553,0.7,0.56,0.4039078327576444
2026-02-05,4,50,-0.23396238684654236,0.010913874186691925,0.023990690461563213,0.017617967484459592,0.03069478375933088,-0.0008163002419643761,-0.002269937771883833,-0.0004019004513656882,0.68,0.48,0.5294436225621356
2026-02-05,5,50,-0.22464963793754578,0.0007733441775651651,0.0038552770807089853,0.007477437475332831,0.010559370378476651,-0.013129816719295504,-0.017170211062459584,-0.014778647035091096,0.6,0.36,0.6331136437074599
2026-02-05,6,50,-0.20435680449008942,0.012309855263003983,0.0113935881256928,0.01901394856077165,0.018097681423460465,-0.006636827961282708,-0.00876795316757317,-0.00618476077836498,0.62,0.4,0.5322869695254994
2026-02-05,7,50,-0.19597679376602173,-0.004094186781675311,-0.010484598417725977,0.002609906516092355,-0.0037805051199583106,-0.012917148169128945,-0.02441767675935247,-0.017779942606324005,0.48,0.36,0.6315534850954121
2026-02-05,8,50,-0.18435116112232208,-0.006011373690091129,-0.006224552149012463,0.0006927196076765374,0.0004795411487552026,-0.0021052002625698107,-0.000678272831985681,-0.0037932237895902917,0.5,0.5,0.43261905668813233
2026-02-05,9,50,-0.06124717369675636,0.013218970323125323,0.0026410034548031147,0.019923063620892988,0.00934509675257078,0.004846282229049006,-0.0049108456010982775,0.0030137477228253046,0.54,0.48,0.5869865123490811
2026-02-05,10,50,0.1306559145450592,0.06330674847957092,0.05899979520003984,0.07001084177733859,0.0657038884978075,0.06173090633464412,0.05976383517191408,0.06281585466208432,0.7,0.7,0.33796568889609546
2026-02-06,1,51,-0.23396237194538116,0.025559869321155552,0.021839669849453403,0.036468428503941,0.03274822903223884,-0.0010981104184994799,-0.0025974394839506907,-0.0024215811497085783,0.7647058823529411,0.43137254901960786,0.537958594883031
2026-02-06,2,50,-0.23396238684654236,0.01628976495324202,0.035994793652440404,0.02719832413602746,0.04690335283522584,0.008597417124647476,0.00928095563206477,0.011123073855242678,0.7,0.6,0.36841204633368674
2026-02-06,3,50,-0.23396238684654236,0.015426367426213203,0.03336145064901164,0.02633492660899864,0.044270009831797075,-0.0012599970482509693,0.005433730553343454,-0.0018129229361017053,0.66,0.58,0.4082902133455852
2026-02-06,4,50,-0.23396238684654236,0.019464983496964433,0.026615340605692483,0.030373542679749867,0.03752389978847792,0.007307892775430816,0.0002030560224591262,0.006167025549922647,0.74,0.5,0.46475471983558336
2026-02-06,5,50,-0.22361713647842407,-0.006476307886011357,-0.002022880988273912,0.004432251296774081,0.008885678194511526,-0.01029470165105273,-0.012143989308650847,-0.010443577577490504,0.6,0.36,0.5530570047877607
2026-02-06,6,50,-0.20493832230567932,0.028043955674464785,0.029855416308925964,0.03895251485725022,0.0407639754917114,0.00753079702665671,0.0024563841809022726,0.005941540058086069,0.74,0.52,0.4523693765237918
2026-02-06,7,50,-0.19599582254886627,-0.017493367666633616,-0.02123669206792922,-0.006584808483848179,-0.010328132885143781,-0.01888241162440293,-0.029925824720781036,-0.023588275788311953,0.44,0.38,0.6565506902726886
2026-02-06,8,50,-0.18283069133758545,-0.020820208679251273,-0.018182176920124415,-0.009911649496465835,-0.007273617737338978,-0.011742871503286869,-0.008167486181237525,-0.014069581966801218,0.44,0.44,0.5736689681731028
2026-02-06,9,50,-0.05954449251294136,0.009440662704998732,-0.017870894156223338,0.020349221887784166,-0.0069623349734379,0.004288104878589265,0.0032954864532542833,0.001904047626214126,0.46,0.5,0.5649827335472913
2026-02-06,10,50,0.1303757131099701,0.038007108753849043,0.022073261088146445,0.04891566793663449,0.03298182027093188,0.04234984642462043,0.021200578907235257,0.04095360301371226,0.6,0.56,0.3859939513837828
2026-02-09,1,51,-0.23396237194538116,0.0114442741643992,0.0070710061147869485,0.02847878239599101,0.024105514346378754,0.0012888016820200587,0.004075860653029397,-0.0006696687412764086,0.6862745098039216,0.5098039215686274,0.5118943360336894
2026-02-09,2,50,-0.23396238684654236,-0.0027968391618074006,0.004511421799224757,0.014237669069784404,0.021545930030816562,-0.005193762545884131,-0.0013202453585037786,-0.004146913494536611,0.66,0.48,0.5147066229949816
2026-02-09,3,50,-0.23396238684654236,0.01035473420419191,0.0296374414364452,0.027389242435783716,0.046671949668037005,0.004936077370262368,0.011609653884407546,0.005342277800426489,0.66,0.64,0.3739022629137522
2026-02-09,4,50,-0.23396238684654236,-0.0009014244815264249,0.002216696191273626,0.01613308375006538,0.01925120442286543,-0.0022880319215008702,-0.013305582533354175,-0.004472623278697817,0.58,0.36,0.5939257961264793
2026-02-09,5,50,-0.22356925904750824,-0.018538397653424486,-0.016866058889635827,-0.0015038894218326803,0.0001684493419559785,-0.011217163529486224,-0.013931210192002995,-0.010935693790626757,0.52,0.38,0.5476487689713067
2026-02-09,6,50,-0.2043912559747696,0.02380431408791371,0.0131740507018554,0.04083882231950551,0.030208558933447205,0.01696384528127953,0.0009693313844439401,0.01190222424274702,0.64,0.52,0.5279941649249392
2026-02-09,7,50,-0.1962701827287674,-0.029524161466472,-0.03022268601536332,-0.012489653234880195,-0.013188177783771515,-0.016768063092530733,-0.008687396064507079,-0.01830769807423892,0.38,0.4,0.5422467017594115
2026-02-09,8,50,-0.18325603008270264,-0.023658492121166726,-0.031970985705792876,-0.006623983889574922,-0.01493647747420107,-0.0043522880187285475,-0.01283857029375457,-0.004920726427976099,0.42,0.48,0.46748652051814144
2026-02-09,9,50,-0.06154622882604599,-0.020274723508514315,-0.04678568499871816,-0.003240215276922509,-0.029751176767126353,-0.011489973490667143,-0.023815984398344703,-0.010681984050881667,0.44,0.4,0.5371876433724309
2026-02-09,10,50,0.12832708656787872,0.00991862844884339,-0.0035837682391174353,0.026953136680435197,0.01345073999247437,0.024865571948254703,-0.0059248852033021975,0.0235835115418392,0.52,0.46,0.41653391457107336
2026-02-10,1,51,-0.23396237194538116,0.014647151935451689,0.010199140547436647,0.024517757398155482,0.020069746010140443,0.0013737445586400278,0.0015667310881420384,0.0014020298513401591,0.6078431372549019,0.5490196078431373,0.4903895733760389
2026-02-10,2,50,-0.23396238684654236,-0.0013235382664912954,-0.0032256453031347943,0.008547067196212501,0.006644960159569002,-0.004836724803737567,-0.006156352326481871,-0.005577783857315498,0.54,0.42,0.4835654818808024
2026-02-10,3,50,-0.23396238684654236,0.001214587304269472,0.006347591021810484,0.011085192766973269,0.01621819648451428,-0.0027056243969165506,-0.00029070324904284387,-0.0038602082748466875,0.62,0.5,0.5160764058442977
2026-02-10,4,50,-0.23396238684654236,-0.003948891293601858,-0.0030703716005647252,0.005921714169101939,0.006800233862139071,-0.006255171195867188,-0.005753386504885936,-0.005341420987092383,0.58,0.44,0.5858692591517518
2026-02-10,5,50,-0.22325848042964935,-0.021144889706641093,-0.017687729251994744,-0.011274284243937298,-0.007817123789290947,-0.01924717470429337,-0.01758765707665033,-0.019824623240224895,0.46,0.34,0.7141832541979908
2026-02-10,6,50,-0.20403583347797394,0.009180307614442152,-0.0018508633949691489,0.01905091307714595,0.008019742067734648,0.0066179045562907764,-0.00702164476597694,0.002744815701522903,0.6,0.48,0.5432248318430927
2026-02-10,7,50,-0.1954844892024994,-0.020962643603853106,-0.036400455934416154,-0.01109203814114931,-0.026529850471712357,-0.014804127063693145,-0.027825912816049125,-0.015898657717864705,0.38,0.36,0.5495325982701935
2026-02-10,8,50,-0.18258796632289886,0.008681013033142268,-0.016067900661893897,0.018551618495846064,-0.0061972951991901,0.01986315465247647,0.003356850906549137,0.01875464497330016,0.46,0.56,0.4159298926895303
2026-02-10,9,50,-0.061225783079862595,-0.028862070923288855,-0.03759069148345112,-0.01899146546058506,-0.027720086020747325,-0.023600057902641604,-0.03134248113099375,-0.02445345247575527,0.42,0.36,0.5726845674020044
2026-02-10,10,50,0.13215550780296326,0.04078510509040199,0.015092591064314376,0.05065571055310578,0.024963196527018172,0.04693052162855029,0.008294079655523813,0.04319993037506308,0.58,0.52,0.4747931500246309
2026-02-11,1,51,-0.23396237194538116,0.006573585825636882,0.02189279576330705,0.00651492361861555,0.021834133556285718,0.0034543737529462103,-0.003012020125508773,0.004066682271211181,0.5882352941176471,0.47058823529411764,0.4957929903613801
2026-02-11,2,50,-0.23396238684654236,-0.004879652571074542,-0.001536485397914289,-0.004938314778095873,-0.0015951476049356206,-0.0018275485733897634,0.004095912408151438,-0.0014626305391943239,0.48,0.56,0.4457912426585231
2026-02-11,3,50,-0.23396238684654236,-0.0019506056880139444,-0.003941435509772662,-0.002009267895035276,-0.004000097716793993,-0.003117282429988819,-0.003293396732033048,-0.0031734875129358574,0.46,0.44,0.46424463831861446
2026-02-11,4,50,-0.23396238684654236,-0.01657545011083727,-0.007994497829530434,-0.0166341123178586,-0.008053160036551765,-0.013727000613874652,-0.007180761972047587,-0.011765071817725972,0.36,0.38,0.5944765170586918
2026-02-11,5,50,-0.22320997714996338,-0.00917998680758778,-0.015341647104774037,-0.009238649014609112,-0.015400309311795368,-0.006069554982372842,-0.01270647780455991,-0.0061996927276055415,0.44,0.4,0.4628416891081265
2026-02-11,6,50,-0.20346489548683167,0.00716052352883999,-0.003885394518512497,0.007101861321818659,-0.003944056725533829,0.003327493491810096,-0.010559031721136035,3.716779434365332e-05,0.44,0.44,0.5902721644564535
2026-02-11,7,50,-0.19577933847904205,-0.0010719597327189278,-0.009247919369979818,-0.0011306219397402594,-0.00930658157700115,-0.0031965338242973475,-0.00954639119203454,-0.004055150395405094,0.48,0.44,0.5635929974349537
2026-02-11,8,50,-0.18257197737693787,0.029785246599553266,0.02476114027940246,0.029726584392531934,0.02470247807238113,0.02773957601920894,0.015687245353918966,0.025419268254578582,0.64,0.58,0.42788757420507023
2026-02-11,9,50,-0.059307459741830826,-0.005937630416941333,-0.022021573535385808,-0.005996292623962665,-0.02208023574240714,-0.005530475221780851,-0.025033513137590557,-0.01080478737373511,0.46,0.46,0.49253155159935147
2026-02-11,10,50,0.13006633520126343,0.06121763414074037,0.024002637614985334,0.06115897193371904,0.023943975407964002,0.05765176486798447,0.02189709455188016,0.05555967543627359,0.62,0.64,0.4467958157327773
2026-02-12,1,51,-0.23396237194538116,-0.01677395778175448,-0.01212570241463451,-0.0030299130108204313,0.0016183423562995403,-0.0020281001411507514,0.0014412368367338626,-0.0013737793584541148,0.5098039215686274,0.5098039215686274,0.5453859803212397
2026-02-12,2,50,-0.23396238684654236,-0.01759831058053536,-0.009642723694718525,-0.0038542658096013096,0.004101321076215525,0.0031222093849206157,0.007916005266406125,0.003835936168063521,0.52,0.58,0.4143381167363508
2026-02-12,3,50,-0.23396238684654236,-0.017447840021502535,-0.00499308369752266,-0.0037037952505684845,0.00875096107341139,-0.0019173838467834892,-0.0034157928704242045,-0.002829466225557468,0.54,0.48,0.4716467439725906
2026-02-12,4,50,-0.23396238684654236,-0.033643252982203664,-0.023641141002250454,-0.019899208211269618,-0.009897096231316405,-0.013902950937807561,-0.010638786448088798,-0.012397975883407323,0.4,0.42,0.5101630988613807
2026-02-12,5,50,-0.22366538643836975,-0.018235083026726953,-0.03536088271047205,-0.004491038255792903,-0.021616837939538003,0.0020135234695200645,-0.0039984472710471435,0.0015337780031580422,0.4,0.44,0.4265297938444974
2026-02-12,6,50,-0.20406289398670197,-0.015871480541402926,-0.02316090956893574,-0.002127435770468875,-0.00941686479800169,-0.010448874744879322,-0.021206299808393947,-0.01327587885973009,0.4,0.42,0.637839435973863
2026-02-12,7,50,-0.19532160460948944,-0.033121123536022666,-0.04820389948681353,-0.019377078765088616,-0.03445985471587948,-0.01469208209302516,-0.03408281704647981,-0.018073433482198906,0.4,0.38,0.6126232764201316
2026-02-12,8,50,-0.18210181593894958,0.002573645130885935,-0.003291180793214221,0.016317689901819987,0.010452863977719828,0.022076620668517597,0.014870956408448046,0.021658779527940562,0.56,0.62,0.3628197131158929
2026-02-12,9,50,-0.054484881460666656,-0.03626610648394646,-0.0642264667802328,-0.02252206171301241,-0.050482422009298755,-0.016185586448067668,-0.04373810777236792,-0.016417921598992073,0.36,0.38,0.5388616228810661
2026-02-12,10,50,0.1315341740846634,0.016440358625158785,-0.023646281631985233,0.030184403396092838,-0.009902236861051184,0.031952757150859386,0.006914356960847414,0.030401486824114154,0.46,0.54,0.45197309017679543
2026-02-13,1,51,-0.23396237194538116,-0.013650895932897767,-0.015991848707913703,-0.00694383314922249,-0.009284785924238426,0.0022356718339396975,-0.0004407734916728732,0.001507662028329095,0.43137254901960786,0.47058823529411764,0.5382056702054924
2026-02-13,2,50,-0.23396238684654236,-0.024306949836870338,-0.019489320579344438,-0.01759988705319506,-0.01278225779566916,-0.005243444345682298,0.0003647026904519137,-0.004633646692100053,0.36,0.5,0.5372809505054643
2026-02-13,3,50,-0.23396238684654236,-0.018933178949367125,-0.011676691602812761,-0.012226116165691848,-0.004969628819137484,-0.005826421151596825,-0.00664040006882438,-0.0064133632030411915,0.42,0.42,0.5186337007893986
2026-02-13,4,50,-0.23389407992362976,-0.03409085834333215,-0.023799640794766486,-0.02738379555965688,-0.01709257801109121,-0.0150343436763842,-0.009973008352286481,-0.01433065512287301,0.32,0.36,0.5255270957701678
2026-02-13,5,50,-0.22306287288665771,-0.018623252716361383,-0.023761544119382194,-0.011916189932686108,-0.017054481335706917,-0.0024445572719020213,-0.005882141507144166,-0.001868567491034574,0.42,0.42,0.48365437300044206
2026-02-13,6,50,-0.20366953313350677,-0.006284047929544305,-0.014239167655380525,0.00042301485413097194,-0.0075321048717052475,-0.002545164279675374,-0.01612547190946323,-0.004727587226389874,0.46,0.44,0.6183759012491118
2026-02-13,7,50,-0.1951543390750885,-0.032272508128747435,-0.026688959699760095,-0.025565445345072154,-0.019981896916084818,-0.021014011167740265,-0.017278990696987906,-0.021320311618079665,0.36,0.4,0.6395712593791025
2026-02-13,8,50,-0.18300920724868774,0.005526069500699557,-0.00591700047557564,0.012233132284374835,0.0007900623080996372,0.015435773693671306,0.006263375436249831,0.01582822744087521,0.5,0.52,0.40944881710363906
2026-02-13,9,50,-0.06160037964582443,-0.017525434688502272,-0.035993093089591754,-0.010818371904826995,-0.029286030305916477,-0.006145923527292183,-0.012571890225245462,-0.007148396296557686,0.4,0.46,0.478063965374904
2026-02-13,10,50,0.1257840394973755,0.03126737154503378,0.008607724939264538,0.037974434328709054,0.015314787722939815,0.04003809416046258,0.02246407459795774,0.038925145011837005,0.56,0.56,0.45181264067407084
2026-02-17,1,51,-0.23396237194538116,-0.01473791289350508,-0.00737764136550878,-0.0014636164641224755,0.0058966550638738235,0.0009423262780102606,0.0008180430384870387,-0.0002737051675058566,0.5294117647058824,0.5098039215686274,0.4297929433900099
2026-02-17,2,50,-0.23396238684654236,-0.03400834706570237,-0.01966202294713465,-0.02073405063631977,-0.006387726517752046,-0.009419919735014286,-0.005704509192755889,-0.009235808271455651,0.42,0.48,0.433541792397081
2026-02-17,3,50,-0.23396238684654236,-0.024509478531872034,-0.0186842328277273,-0.01123518210248943,-0.005409936398344695,-0.007300618751047916,-0.004711989049891339,-0.0076723254911083665,0.42,0.48,0.5460019196020828
2026-02-17,4,50,-0.23389407992362976,-0.042764258693875644,-0.0372469311314203,-0.029489962264493044,-0.0239726347020377,-0.01755011300777375,-0.016400108160421534,-0.015992487718409637,0.34,0.36,0.49138328264052494
2026-02-17,5,50,-0.22311362624168396,-0.026127193205688258,-0.024279375878207776,-0.012852896776305656,-0.011005079448825172,-0.005061622687538683,-0.007700756646631167,-0.0053948036783896145,0.42,0.42,0.5334286085563981
2026-02-17,6,50,-0.20367531478405,-0.009622080287301325,-0.026851978112864883,0.0036522161420812793,-0.013577681683482279,0.005345729178799088,-0.005232399149184828,0.004220897477477868,0.44,0.48,0.5192073096224155
2026-02-17,7,50,-0.19482272863388062,-0.05819239887328591,-0.04194290700505543,-0.04491810244390329,-0.028668610575672826,-0.035653715237126356,-0.03285493409328405,-0.03620976959015902,0.28,0.32,0.6087729100509544
2026-02-17,8,50,-0.1831352561712265,-0.037794524753525544,-0.04679749897571461,-0.024520228324142943,-0.03352320254633201,-0.018588515895289728,-0.0301681914167925,-0.017783687005319373,0.34,0.4,0.47490668464788305
2026-02-17,9,50,-0.05943584442138672,-0.036983117588313005,-0.05353318132127116,-0.0237088211589304,-0.04025888489188856,-0.018704004854507055,-0.019068384343537026,-0.021054831956639094,0.4,0.44,0.566337070932931
2026-02-17,10,51,0.131374329328537,0.004260447052188386,-0.01358141048934114,0.017534743481570986,-0.00030711405995853536,0.02051382439691558,0.014450535404032018,0.020187543646595262,0.49019607843137253,0.5490196078431373,0.40486254599202404
2026-02-18,1,51,-0.23396237194538116,-0.024429919766001743,-0.01654672473538943,-0.012523152441036096,-0.004639957410423778,-0.0029545784365704528,0.0019409131641703894,-0.00264236930317259,0.45098039215686275,0.5294117647058824,0.4007325758098176
2026-02-18,2,50,-0.23396238684654236,-0.03589968952236413,-0.028432299282390494,-0.02399292219739848,-0.016525531957424844,-0.005319775733797325,0.0004528645171654757,-0.004037802669461933,0.4,0.5,0.4128746144924036
2026-02-18,3,50,-0.23396238684654236,-0.03214232383319057,-0.03092704410492536,-0.02023555650822493,-0.01902027677995971,-0.010635163013572403,-0.014322008095809191,-0.011380142378398888,0.38,0.38,0.5290430714106102
2026-02-18,4,50,-0.23382580280303955,-0.03839572291431999,-0.03320949972059323,-0.026488955589354338,-0.021302732395627577,-0.011697197555236977,-0.011992386621166527,-0.011321287113424615,0.32,0.46,0.4687014280746442
2026-02-18,5,50,-0.2233574092388153,-0.030251873971722115,-0.04525247199906107,-0.01834510664675646,-0.03334570467409542,-0.0025162390447366566,-0.00993693527985001,-0.005086371012061297,0.36,0.44,0.5726395269897234
2026-02-18,6,50,-0.20411159098148346,-0.01757733625074146,-0.015974503388337835,-0.005670568925775812,-0.004067736063372185,-0.00621256631137193,-0.013166995704222305,-0.009247422917803434,0.48,0.44,0.5091920362392434
2026-02-18,7,50,-0.1948884129524231,-0.04748125876667582,-0.03788804259924111,-0.035574491441710175,-0.02598127527427546,-0.026350287307228645,-0.02746019196808025,-0.0280491206722375,0.3,0.42,0.6227377617716785
2026-02-18,8,50,-0.1838592141866684,-0.03621909070965119,-0.037220005304332504,-0.024312323384685537,-0.025313237979366854,-0.01933962304752539,-0.02897361120435976,-0.020268880876471586,0.36,0.38,0.5378351574914736
2026-02-18,9,50,-0.06417907029390335,-0.03535508720484501,-0.044627908210672806,-0.023448319879879345,-0.032721140885707156,-0.01698602075595649,-0.015396698169508727,-0.020856570556980144,0.32,0.4,0.6480906811047346
2026-02-18,10,51,0.12671557068824768,0.0016968052737412666,0.007179066474510609,0.013603572598706917,0.01908583379947626,0.016993730668017158,0.018913939368099764,0.01511101051571298,0.6078431372549019,0.5686274509803921,0.4129920589513105
2026-02-19,1,51,-0.23396237194538116,-0.03961406800355055,-0.03769995035567264,-0.005716433972332962,-0.003802316324455046,-0.0010279597351350693,0.000594983182137744,-0.0007655604395176397,0.45098039215686275,0.5098039215686274,0.45665389504276593
2026-02-19,2,50,-0.23396238684654236,-0.04280600943260089,-0.03784013706734596,-0.008908375401383286,-0.003942503036128364,-0.000818139606925774,-0.0007432955451850396,-0.001217460005520799,0.46,0.5,0.39286629712187476
2026-02-19,3,50,-0.23396238684654236,-0.04910421567785944,-0.03612984826357385,-0.015206581646641846,-0.0022322142323562555,-0.009604649038247419,-0.008002025336948103,-0.009063621561924199,0.48,0.48,0.5108500301066335
2026-02-19,4,50,-0.23368918895721436,-0.05711647463227721,-0.05871963400725422,-0.02321884060105961,-0.024821999976036624,-0.0140067412150605,-0.016886963724355497,-0.014012701849176473,0.4,0.38,0.5076896960530713
2026-02-19,5,50,-0.22304128110408783,-0.050836458251437976,-0.06098999832669133,-0.016938824220220375,-0.027092364295473736,-0.00528197896777508,-0.01810660995430946,-0.007476064736766978,0.32,0.44,0.601957662505897
2026-02-19,6,50,-0.20413030683994293,-0.022480520086519816,-0.036134358294808044,0.011417113944697776,-0.0022367242635904505,0.001978838082803622,-0.006398117183561756,-0.004504857528464508,0.48,0.46,0.5672960738729484
2026-02-19,7,50,-0.1950579136610031,-0.07832208996243334,-0.0885320370501192,-0.04442445593121575,-0.0546344030189016,-0.03225375340570842,-0.03518203128150471,-0.032682582724026986,0.34,0.38,0.5886937094054587
2026-02-19,8,50,-0.18359172344207764,-0.052998912067085645,-0.05404173895474684,-0.01910127803586805,-0.02014410492352925,-0.01264328508943886,-0.0247599352380396,-0.012647050316099641,0.42,0.42,0.4741685631494233
2026-02-19,9,50,-0.05511186271905899,-0.06422684734352535,-0.0889559679091394,-0.030329213312307757,-0.055058333877921806,-0.027249013667374485,-0.05187225184642674,-0.032680745423763286,0.3,0.3,0.6719606309541303
2026-02-19,10,51,0.1276279091835022,-0.03300571068316424,-0.03722808620218454,0.0008919233480533512,-0.0033304521709669466,0.0022506406328810526,-0.0018154391672309798,0.003981516908666954,0.49019607843137253,0.47058823529411764,0.4486117905770734
2026-02-20,1,51,-0.23396237194538116,-0.039900649787998434,-0.03911578100715096,-0.010445307517247685,-0.009660438736400212,-0.006439115708388441,-0.008366647268415904,-0.005847467614745214,0.45098039215686275,0.45098039215686275,0.47575827165629997
2026-02-20,2,50,-0.23396238684654236,-0.04652280803918634,-0.04713977687541904,-0.017067465768435593,-0.017684434604668287,-0.0099566284054339,-0.006773489432915556,-0.01082277674118061,0.36,0.48,0.4710364608713872
2026-02-20,3,50,-0.23396238684654236,-0.03913254181252456,-0.0328685781566751,-0.009677199541773807,-0.0034132358859243483,-0.008799006961256654,-0.012321619514990277,-0.010629770554964231,0.46,0.46,0.5456104558185181
2026-02-20,4,50,-0.23396238684654236,-0.04938968381625611,-0.0425306385529981,-0.019934341545505357,-0.01307529628224735,-0.015667531565404208,-0.018097472891329236,-0.017218400905352396,0.42,0.38,0.5560694305895802
2026-02-20,5,50,-0.22343569993972778,-0.029640850308529417,-0.04540725973910298,-0.00018550803777866775,-0.015951917468352228,0.007993086218758218,-0.0024996176252548557,0.00445544488884973,0.42,0.5,0.4945860514908563
2026-02-20,6,50,-0.2044224590063095,-0.04093129610967067,-0.052545502891088,-0.011475953838919917,-0.023090160620337252,-0.01854691665866343,-0.028967063306339635,-0.024311912406364017,0.32,0.34,0.6408870882374138
2026-02-20,7,50,-0.19512371718883514,-0.05938379549326592,-0.07259600737535377,-0.02992845322251516,-0.043140665104603015,-0.021222256482198457,-0.03268041574242986,-0.021042603353389325,0.3,0.34,0.5530162532446481
2026-02-20,8,50,-0.18291649222373962,-0.013331264489152348,-0.01356502869490761,0.0161240777815984,0.01589031357584314,0.01638803034819108,0.016098399535459107,0.01557458331825481,0.6,0.56,0.41319465482802087
2026-02-20,9,50,-0.05438864603638649,-0.034842605848025704,-0.048293173825479874,-0.005387263577274954,-0.018837831554729123,-0.004544318669814713,-0.014034584170404039,-0.007505020190691059,0.42,0.42,0.5726475369808918
2026-02-20,10,51,0.12611083686351776,-0.012564255031719158,-0.02462937401199361,0.016891087239031596,0.004825968258757141,0.014573238934682639,-0.0054106169525858765,0.015337623113756017,0.5294117647058824,0.49019607843137253,0.4832353183556113
2026-02-23,1,51,-0.23396237194538116,-0.03887208630199696,-0.035990699854844155,-0.012219119969023645,-0.009337733521870839,-0.005623978865898971,-0.005641614786643654,-0.0048929501708556014,0.43137254901960786,0.47058823529411764,0.45686380323853876
2026-02-23,2,50,-0.23396238684654236,-0.04474535447810973,-0.03971967249909786,-0.018092388145136425,-0.013066706166124542,-0.00902052790237106,-0.0011748704640047165,-0.00944877110659905,0.38,0.5,0.4561357762330374
2026-02-23,3,50,-0.23396238684654236,-0.036910921608812694,-0.039659670092939914,-0.010257955275839382,-0.013006703759966598,-0.006745124725139007,-0.015436894064383422,-0.00721206769056021,0.44,0.42,0.5252961063106713
2026-02-23,4,50,-0.23396238684654236,-0.04391500711352945,-0.04271548753282095,-0.01726204078055614,-0.016062521199847635,-0.011526395867783899,-0.013915275867450614,-0.013063744240549499,0.44,0.38,0.5376715686626866
2026-02-23,5,50,-0.22390441596508026,-0.04140045859171268,-0.049629550588111415,-0.014747492258739368,-0.0229765842551381,-0.0026480044647224066,-0.009413599852354125,-0.004901959266424394,0.38,0.46,0.5261092334935387
2026-02-23,6,50,-0.20459677278995514,-0.03491051715294749,-0.043584540283093054,-0.008257550819974173,-0.016931573950119738,-0.014499929525255507,-0.01808099570229388,-0.019063584324026724,0.38,0.38,0.5996541508850193
2026-02-23,7,50,-0.1943574845790863,-0.06077610048983244,-0.0682903030427165,-0.03412313415685912,-0.04163733670974318,-0.024638526935271816,-0.030398225326045025,-0.023544451622272207,0.3,0.3,0.5747565999826092
2026-02-23,8,50,-0.18166911602020264,-0.028327653410465538,-0.03216185754467876,-0.001674687077492223,-0.005508891211705447,0.0010713111589446234,0.008344156424702544,0.0011640969005400847,0.48,0.54,0.4331051897152082
2026-02-23,9,50,-0.05469850078225136,-0.03478163062103257,-0.07126243005378052,-0.008128664288059256,-0.04460946372080721,-0.00833555522632752,-0.03941289005576637,-0.009518433591736286,0.4,0.42,0.5856853449060532
2026-02-23,10,51,0.12193833291530609,-0.012645219437360716,-0.021272172339460993,0.0140077468956126,0.005380793993512323,0.014644937492618483,0.0016691647021485636,0.014494345228804426,0.5294117647058824,0.5490196078431373,0.4409073953335734
2026-02-24,1,51,-0.23396237194538116,-0.03258094001242999,-0.03651608311112009,-0.0003222773673167624,-0.004257420466006856,-0.0004833821158528867,0.004089864135838063,0.0007858753667226208,0.45098039215686275,0.5294117647058824,0.5275140086729145
2026-02-24,2,50,-0.23396238684654236,-0.04216848898288842,-0.04264391627696151,-0.009909826337775192,-0.010385253631848279,-0.0046056957251656904,0.0018612217504603858,-0.005719142316338017,0.46,0.52,0.42898174805107114
2026-02-24,3,50,-0.23396238684654236,-0.03283812513983287,-0.03648234853130844,-0.0005794624947196292,-0.004223685886195205,-0.004785456224761346,-0.0025950005915061345,-0.006470658620041321,0.48,0.46,0.53052075322334
2026-02-24,4,50,-0.23396238684654236,-0.042849715360707245,-0.04082522673144251,-0.010591052715594004,-0.008566564086329276,-0.008559539651539865,-0.010978718899760263,-0.008566564119126832,0.42,0.4,0.4874094248058034
2026-02-24,5,50,-0.2238856554031372,-0.035362096905846206,-0.05312674344944851,-0.003103434260732971,-0.020868080804335276,0.0021381409327328573,-0.006046457092894917,0.0014729012939810786,0.4,0.42,0.5284811129649154
2026-02-24,6,50,-0.20484521985054016,-0.02718594247146525,-0.0459350215406551,0.005072720173647984,-0.013676358895541862,-0.0099751165204747,-0.022608969835046844,-0.013541537284477006,0.42,0.42,0.6043639848111316
2026-02-24,7,50,-0.19478417932987213,-0.054910232824279,-0.06415647366821287,-0.02265157017916576,-0.03189781102309963,-0.020077699183690057,-0.026774476154007965,-0.019381373254132382,0.34,0.34,0.5364908288803424
2026-02-24,8,50,-0.1814926266670227,-0.03033304413421252,-0.028783011313327778,0.0019256185109007152,0.0034756513317854565,0.004934245039738219,-0.0006322468530526853,0.0039047417793178175,0.5,0.5,0.4909859112312199
2026-02-24,9,50,-0.05726531147956848,-0.023941328897011567,-0.043249165203027684,0.008317333748101665,-0.01099050255791445,0.007982727028354522,-0.011244601233423078,0.006442887361826691,0.44,0.44,0.5711345960803591
2026-02-24,10,51,0.11910475045442581,-0.02260536774815675,-0.026163992354941157,0.009653294896956485,0.006094670290172077,0.00955515207661138,0.014421391284288045,0.010718840324786262,0.5294117647058824,0.5294117647058824,0.4298420518992387
2026-02-25,1,51,-0.23396237194538116,-0.04683817968735864,-0.05400180203656635,-0.006405893808586069,-0.013569516157793782,-0.0018636521571978974,-0.0007844372799389863,-0.0026270297842966696,0.4117647058823529,0.49019607843137253,0.48892372786893035
2026-02-25,2,50,-0.23396238684654236,-0.06416373194146865,-0.07333649459085179,-0.023731446062696105,-0.03290420871207922,-0.010124179399442995,-0.008479439812204058,-0.010776386054361426,0.38,0.42,0.5011078323423452
2026-02-25,3,50,-0.23396238684654236,-0.060251313056825476,-0.058382859160614475,-0.019819027178052916,-0.01795057328184191,-0.012045474432917693,-0.01850645963335401,-0.012292487535000922,0.4,0.38,0.5138452704005505
2026-02-25,4,50,-0.23396238684654236,-0.06784302332502115,-0.07485510518079008,-0.027410737446248577,-0.034422819302017515,-0.01717525830187984,-0.01654226836532985,-0.01810285503455544,0.28,0.36,0.6116149536268572
2026-02-25,5,50,-0.2242087423801422,-0.057356595305570884,-0.06814929427694033,-0.01692430942679832,-0.027717008398167764,-0.005060171911967171,-0.006624068481371535,-0.005472738453027244,0.4,0.36,0.5430537565991453
2026-02-25,6,50,-0.20502793788909912,-0.032454589625719926,-0.06077309448917573,0.007977696253052639,-0.02034080861040316,-0.003689111353628678,-0.005507592005155269,-0.007488188735157633,0.4,0.46,0.5549321846846474
2026-02-25,7,50,-0.19450195133686066,-0.08005948296167727,-0.08482217707018763,-0.0396271970829047,-0.044389891191415065,-0.02489820942308385,-0.0240913653574249,-0.02479205248616723,0.32,0.3,0.5926565965518545
2026-02-25,8,50,-0.1817382425069809,-0.05477423484949465,-0.052536626504007644,-0.014341948970722085,-0.012104340625235077,-0.011098661205766169,-0.0183710400313431,-0.012685947984038375,0.42,0.4,0.5378170498670608
2026-02-25,9,50,-0.054379940032958984,-0.0470627206385782,-0.07073007886013649,-0.006630434759805628,-0.030297792981363925,-0.007776167615555794,-0.034197697417684525,-0.01405736937593911,0.38,0.32,0.72265682621702
2026-02-25,10,51,0.11577799171209335,-0.03398126382590092,-0.021214223688089784,0.006451022052871644,0.019218062190682783,0.008507557973528871,0.010670738046956453,0.008658239083485557,0.6274509803921569,0.5490196078431373,0.4180880751285053
2026-02-26,1,51,-0.23396237194538116,-0.061100442804806684,-0.052333487748014273,-0.022922068229958285,-0.014155113173165867,-0.005162497526265925,-0.005301534565088027,-0.004596645965428509,0.35294117647058826,0.4117647058823529,0.5070381731217134
2026-02-26,2,50,-0.23396238684654236,-0.06892149421982653,-0.060782832739336434,-0.030743119644978122,-0.022604458164488028,-0.011147587933831922,-0.005770565891327626,-0.010312604965829095,0.3,0.36,0.6018485856404321
2026-02-26,3,50,-0.23396238684654236,-0.05824829476418995,-0.06072894109951382,-0.02006992018934155,-0.022550566524665416,-0.007720540878548114,-0.013525714970562095,-0.007706966772986011,0.3,0.34,0.5305718052745587
2026-02-26,4,50,-0.23396238684654236,-0.06741958025838969,-0.06858390013774368,-0.029241205683541275,-0.030405525562895275,-0.014548839620348803,-0.00625527171273149,-0.014898071185482538,0.26,0.3,0.7252296112713703
2026-02-26,5,50,-0.22464914619922638,-0.05878598197687384,-0.055829051056019485,-0.02060760740202543,-0.01765067648117108,0.005434719071807208,8.003038755621935e-05,0.00375657579295405,0.38,0.5,0.4393093351757279
2026-02-26,6,50,-0.20505359768867493,-0.04509628626373667,-0.06804282275001755,-0.006917911688888263,-0.029864448175169145,-0.012431407642138237,-0.012561991338381815,-0.013749924376671233,0.3,0.38,0.5268514360495444
2026-02-26,7,50,-0.19403758645057678,-0.07134570069159327,-0.07381708543799687,-0.03316732611674487,-0.03563871086314846,-0.012459663419480394,-0.007629617478214111,-0.01742958913471384,0.34,0.4,0.6127483425412764
2026-02-26,8,50,-0.1814771294593811,-0.049578353078196906,-0.05043925995055398,-0.011399978503348502,-0.012260885375705577,-0.0057268310477980935,-0.00405544076214087,-0.00485231844819078,0.4,0.46,0.5435260521742862
2026-02-26,9,50,-0.051790542900562286,-0.04269608410723322,-0.055397090397384774,-0.004517709532384811,-0.017218715822536368,-0.011300086589430715,-0.039157392503724686,-0.019610939299520916,0.42,0.34,0.7161571992033039
2026-02-26,10,51,0.11895754933357239,-0.03092276481864479,-0.03780143142591974,0.0072556097562036185,0.00037694314892866565,0.010488816116435387,0.013302124356150137,0.012741751188708635,0.5098039215686274,0.5882352941176471,0.4467759486617493
2026-02-27,1,51,-0.23396237194538116,-0.07329887963126291,-0.06511258294745004,-0.02079332056949734,-0.012607023885684465,-0.0003574386879977064,0.000611356372258677,-0.0005468709397034696,0.2549019607843137,0.5294117647058824,0.4065271998324535
2026-02-27,2,50,-0.23396238684654236,-0.08080561509738825,-0.0731949052529311,-0.02830005603562268,-0.020689346191165525,-0.013429114682758935,-0.013188170394505093,-0.013776522560318223,0.3,0.38,0.5922713025479692
2026-02-27,3,50,-0.23396238684654236,-0.0691708905753482,-0.06808431450605268,-0.01666533151358263,-0.015578755444287107,-0.005413760221502857,-0.006453194766596447,-0.00674752910050314,0.36,0.42,0.5332898941421667
2026-02-27,4,50,-0.23396238684654236,-0.07735046780531606,-0.07564442341124167,-0.024844908743550494,-0.023138864349476096,-0.009829252182068508,-0.012250239338101486,-0.01074306247645865,0.26,0.3,0.6836996012609593
2026-02-27,5,50,-0.22447136044502258,-0.06545576224921884,-0.06971612541797073,-0.012950203187453258,-0.01721056635620516,-2.6697827830652886e-05,0.0008294942637061,-0.00044480556629622345,0.4,0.52,0.45733159836359855
2026-02-27,6,50,-0.20462219417095184,-0.057992949786987366,-0.07832559805315853,-0.005487390725221792,-0.025820038991392957,-0.00837384057722809,-0.01755368940493185,-0.011678492697995414,0.28,0.36,0.6460397302071597
2026-02-27,7,50,-0.19391193985939026,-0.08695025272922202,-0.08618658756056574,-0.03444469366745642,-0.03368102849880017,-0.019613549260437346,-0.02256548461880631,-0.0189733525831731,0.34,0.4,0.4870170344893189
2026-02-27,8,50,-0.18172842264175415,-0.05851443516335203,-0.045641587597228195,-0.006008876101586449,0.006863971464537377,-0.003842226483744762,-0.00043041044243802154,-0.0033712654576478845,0.52,0.48,0.4963948925122841
2026-02-27,9,50,-0.05126400291919708,-0.04974327652089706,-0.08114617991827489,0.0027622825408685236,-0.028640620856509313,0.0024802614827516513,-0.01693706237464465,-0.004086638447545812,0.44,0.4,0.6610989299252703
2026-02-27,10,51,0.12467414140701294,-0.06410405301633931,-0.053357881123994644,-0.01159849395457374,-0.0008523220622290717,-0.009301830682741197,-0.006738404582313949,-0.005459166770131831,0.49019607843137253,0.45098039215686275,0.45690202891780896
2026-03-02,1,51,-0.23396237194538116,-0.05566382606632786,-0.05052176393938301,-0.02162125258620179,-0.016479190459256943,-0.0012144882568077314,0.00035254665889300615,-0.0015015734553912791,0.21568627450980393,0.5098039215686274,0.4807052429943317
2026-03-02,2,50,-0.23396238684654236,-0.06516957407891658,-0.0671287492957578,-0.031127000598790495,-0.033086175815631724,-0.01430391441936166,-0.014845169102144062,-0.01479211306355403,0.22,0.32,0.6503266131185653
2026-03-02,3,50,-0.23396238684654236,-0.058358444333109424,-0.056912437054242704,-0.02431587085298335,-0.022869863574116633,-0.011389124038573985,-0.004762281570496794,-0.012535874566216831,0.24,0.44,0.5262346269086743
2026-03-02,4,50,-0.23396238684654236,-0.06292950050637773,-0.05782651395502991,-0.02888692702625166,-0.023783940474903842,-0.01249115597356954,-0.010106792748260705,-0.012136764935778081,0.2,0.34,0.6277072277776892
2026-03-02,5,50,-0.22484640777111053,-0.047868977997191406,-0.055864661018595385,-0.013826404517065342,-0.021822087538469315,-0.0014843642667631673,-0.007950522225149857,-0.0012967895422423383,0.34,0.44,0.5819317162960033
2026-03-02,6,50,-0.20477497577667236,-0.0284041176530627,-0.043763172489338364,0.0056384558270633715,-0.009720599009212294,-0.0023044711281394246,-0.0047609057966577755,-0.005261017877098861,0.46,0.44,0.5552573150110252
2026-03-02,7,50,-0.1942337602376938,-0.06473413406883881,-0.05670146076672972,-0.030691560588712728,-0.022658887286603646,-0.020334180038844435,-0.01956663356189514,-0.018610029986098477,0.38,0.38,0.5090174939478406
2026-03-02,8,50,-0.18142995238304138,-0.04894109302429944,-0.03440369943927113,-0.01489851954417337,-0.00036112595914505885,-0.016821439923748578,-0.005038219519433949,-0.013115463139736029,0.48,0.38,0.5268922291123558
2026-03-02,9,50,-0.04571004956960678,-0.03194490993546866,-0.055727985313270834,0.0020976635446574086,-0.021685411833144763,-0.001990118519720865,-0.02435516833312701,-0.006999380642074827,0.38,0.36,0.6414906389451
2026-03-02,10,51,0.12755447626113892,-0.018024624286614256,-0.036144099427319776,0.016017949193511814,-0.0021015259471937053,0.015194979515946404,0.003933568634814035,0.017977597724683114,0.47058823529411764,0.5098039215686274,0.4043528970472232
2026-03-03,1,51,-0.23396237194538116,-0.0632823330096665,-0.058402149809294035,-0.019252521128095435,-0.014372337927722967,-0.004326014165126044,0.0013144965276587497,-0.0036115766074705487,0.39215686274509803,0.5490196078431373,0.3915278886657593
2026-03-03,2,50,-0.23396238684654236,-0.05844014464998755,-0.05672934666864332,-0.014410332768416476,-0.012699534787072253,-0.008812837736762136,-0.010495560928876267,-0.011256030210009626,0.36,0.38,0.6950724215289504
2026-03-03,3,50,-0.23396238684654236,-0.04999280536115755,-0.05048801616237053,-0.005962993479586482,-0.006458204280799462,-0.006302755917622904,-0.0019882459260387995,-0.006113734553567118,0.44,0.46,0.43134999735677415
2026-03-03,4,50,-0.23396238684654236,-0.05993090009850301,-0.05665864435396162,-0.015901088216931935,-0.01262883247239055,-0.0047556702007502775,-0.008939648566254952,-0.005365500168292555,0.34,0.4,0.5848131203744442
2026-03-03,5,50,-0.22536632418632507,-0.051459658086588644,-0.060807956695723586,-0.007429846205017576,-0.016778144814152518,0.0008105540490788443,-0.004662738307612711,0.00024152325730964652,0.36,0.46,0.5761457308274057
2026-03-03,6,50,-0.20470142364501953,-0.020622697777996652,-0.0396076406922557,0.023407114103574416,0.0044221711893153715,0.0023111514467219598,0.0030828727217514524,-0.0017738670264892896,0.54,0.54,0.5490204661982915
2026-03-03,7,50,-0.19498179852962494,-0.0692537674656748,-0.07472518052468335,-0.02522395558410373,-0.030695368643112286,-0.019845082169813046,-0.023692694853631235,-0.017971768767487486,0.3,0.32,0.6057311668378704
2026-03-03,8,50,-0.18306392431259155,-0.04754168523644514,-0.053035738950711064,-0.0035118733548740754,-0.009005927069139996,-0.005646322017566296,-0.0156328390015682,-0.0036943092283226262,0.44,0.4,0.6209039509144365
2026-03-03,9,50,-0.0461253821849823,-0.05986836291290945,-0.06982533426143978,-0.015838551031338393,-0.025795522379868707,-0.015842324240154387,-0.016295325324414245,-0.01981002991147092,0.38,0.3,0.775000503632823
2026-03-03,10,51,0.13544689118862152,-0.03225371625482483,-0.0483462769610663,0.011776095626746233,-0.004316465079495235,0.010624172440835552,0.005567960632170634,0.012939405918386663,0.49019607843137253,0.5490196078431373,0.446467932169258
2026-03-04,1,51,-0.23396237194538116,-0.03932339679740226,-0.0385175994420468,-0.0060107871659202975,-0.005204989810564831,-0.0011816599356495516,-0.0004046616012292601,-0.0009073956286763901,0.43137254901960786,0.47058823529411764,0.4089363801863611
2026-03-04,2,50,-0.23396238684654236,-0.049587605355214934,-0.044078123436958605,-0.016274995723732963,-0.010765513805476634,-0.013762803338868132,-0.012238156196382797,-0.015532935738902874,0.36,0.3,0.8038548089950985
2026-03-04,3,50,-0.23396238684654236,-0.03622267131486495,-0.037896804705525755,-0.0029100616833829785,-0.004584195074043784,-0.006079794550715503,-0.008267419033674615,-0.006070016053109079,0.46,0.46,0.4079580803839318
2026-03-04,4,50,-0.23396238684654236,-0.04203002030208168,-0.04091387063852048,-0.008717410670599708,-0.007601261007038507,-0.0032878536336894883,-0.0065126968633730225,-0.0028920109376936033,0.38,0.38,0.6296568685288354
2026-03-04,5,50,-0.22513584792613983,-0.03587424472323861,-0.039162934904964475,-0.002561635091756638,-0.005850325273482504,-0.0004916859708056598,-0.0059800724547044975,-0.00047880833930989854,0.44,0.48,0.537058176808699
2026-03-04,6,50,-0.20458534359931946,-0.01627861276386201,-0.03324717574436853,0.01703399686761996,6.543388711344189e-05,-0.004727728351019193,0.0009797700634612287,-0.005787130776439005,0.5,0.5,0.46161219442092527
2026-03-04,7,50,-0.19479013979434967,-0.04746837271075419,-0.05698850719791593,-0.014155763079272219,-0.023675897566433957,-0.013570349843561043,-0.01861813668022788,-0.012629319166385185,0.32,0.32,0.4960159369276701
2026-03-04,8,50,-0.18246370553970337,-0.0452905068122998,-0.0566604231261848,-0.011977897180817819,-0.02334781349470283,-0.011844386221633897,-0.01815332188557145,-0.013843298828577764,0.36,0.38,0.7114227957966037
2026-03-04,9,50,-0.04872570186853409,-0.05149102963925146,-0.06073730402784577,-0.01817842000776948,-0.027424694396363802,-0.023301736331006465,-0.03337174760637451,-0.019949788889313466,0.28,0.3,0.6986354575061738
2026-03-04,10,51,0.12913139164447784,-0.013923566921075724,-0.05581144051618103,0.019389042710406246,-0.02249883088469906,0.017607474254997098,-0.014218658632672741,0.013526288548175785,0.43137254901960786,0.47058823529411764,0.45651623099917116
2026-03-05,1,51,-0.23396237194538116,-0.03493309593388852,-0.030683495788485615,0.0030338391587316467,0.0072834393041345535,0.0013389153656653328,0.002437470003476662,0.001990573778393723,0.5686274509803921,0.5686274509803921,0.44621670870750796
2026-03-05,2,50,-0.23396238684654236,-0.04455115364838433,-0.04042161597185351,-0.006584218555764156,-0.0024546808792333397,-0.010145830078319637,-0.007493851027379149,-0.0110675455554061,0.48,0.38,0.5579663771918203
2026-03-05,3,50,-0.23396238684654236,-0.02997190941412012,-0.0290547066272272,0.007995025678500049,0.008912228465392968,-0.001119223205740778,0.0020760241442127083,-0.001161173814633957,0.62,0.52,0.4217551766425464
2026-03-05,4,50,-0.23396238684654236,-0.03323559814296185,-0.02850775827458274,0.004731336949658324,0.00945917681803743,0.003289613158591127,0.0018875090312491251,0.004113398606161608,0.6,0.52,0.48215979468317116
2026-03-05,5,50,-0.22466957569122314,-0.04020965158894896,-0.04176945005365057,-0.0022427164963287807,-0.003802514961030401,-0.0024900867904474634,0.0013296630370492348,-0.0021491753340674487,0.48,0.52,0.4817533464514983
2026-03-05,6,50,-0.2045833021402359,-0.01067769580906271,-0.03077158837408317,0.027289239283557462,0.007195346718536999,0.003165986120307078,0.007135148475902022,0.003713553944884847,0.6,0.52,0.4438159576445876
2026-03-05,7,50,-0.1951552927494049,-0.04242769265585108,-0.044810504801545525,-0.004460757563230908,-0.006843569708925357,-0.01105883645467641,-0.006930248554165961,-0.010154164143880061,0.44,0.44,0.49058837846915243
2026-03-05,8,50,-0.18337969481945038,-0.031863944452832624,-0.041974797911617845,0.006102990639787542,-0.004007862818997676,0.00559854365696486,-0.002647344723102239,0.0032553919837540585,0.46,0.5,0.5182871864014398
2026-03-05,9,50,-0.04903038591146469,-0.05049424150104792,-0.06539461986948536,-0.012527306408427743,-0.02742768477686519,-0.019952942708449436,-0.03470867339827094,-0.01718896348244521,0.3,0.32,0.6967347412735039
2026-03-05,10,51,0.12935848534107208,-0.021517564801007555,-0.017863774445734837,0.016449370291612614,0.020103160646885332,0.014205140373515654,0.011992446650800627,0.011177243504622715,0.5686274509803921,0.5490196078431373,0.42734119306010204
2026-03-06,1,51,-0.23396237194538116,-0.04626173163374866,-0.04204650972119561,0.016321473795346354,0.0205366957078994,0.00014914847866733216,0.0028747185049156645,0.0002030609403889519,0.7254901960784313,0.6078431372549019,0.45846597564124064
2026-03-06,2,50,-0.23396238684654236,-0.04714216104135071,-0.04962575422322113,0.015441044387744298,0.012957451205873882,-0.00417068360240344,-0.005830095084039253,-0.004882844189977429,0.64,0.46,0.5079933263384442
2026-03-06,3,50,-0.23396238684654236,-0.039051117209580134,-0.04035372121337727,0.023532088219514878,0.022229484215717743,0.0064783766133851665,0.006610259633424655,0.005752346225013935,0.74,0.6,0.4164521538006347
2026-03-06,4,50,-0.23396238684654236,-0.03938580849365825,-0.04071367925697922,0.02319739693543676,0.021869526172115794,0.010260984161615916,0.007275822128378797,0.010804260175273073,0.8,0.62,0.45518722476100887
2026-03-06,5,50,-0.22484037280082703,-0.05706587263703683,-0.06536356690023354,0.005517332792058183,-0.002780361471138526,-0.001980338926975589,-0.003441402522368851,-0.0019818760591089977,0.48,0.46,0.5092413503534884
2026-03-06,6,50,-0.20453035831451416,-0.01663138896092869,-0.04984826520911134,0.04595181646816632,0.01273494021998367,0.0057081804654582876,-0.002352776344946959,0.0037601007957332776,0.64,0.48,0.48558702503064016
2026-03-06,7,50,-0.1958290934562683,-0.06293243159634268,-0.07041086115713296,-0.0003492261672476715,-0.007827655728037952,-0.009575853054990582,-0.009042825416390897,-0.009648010523911446,0.4,0.42,0.5427661450271942
2026-03-06,8,50,-0.18246294558048248,-0.053725120023415146,-0.05159537164124928,0.008858085405679861,0.010987833787845736,0.005021889223216611,-0.0020268501934763133,0.005447474306029038,0.54,0.5,0.556724349457003
2026-03-06,9,50,-0.04515893757343292,-0.07510093412069982,-0.08755198694078686,-0.012517728691604805,-0.02496878151169185,-0.019467376766649357,-0.02902966511930577,-0.019860359713992443,0.32,0.32,0.7095900801087311
2026-03-06,10,51,0.13099147379398346,-0.05926272217580714,-0.055675903451466335,0.0033204832532878724,0.006907301977628677,0.000984202077792605,0.0018211357716568246,-0.002185198949036548,0.5098039215686274,0.5098039215686274,0.4742053568043081
2026-03-09,1,51,-0.23396237194538116,-0.0328407904776743,-0.026322464263877632,0.03137270507245314,0.03789103128624982,0.01099937138056975,0.011962499490436209,0.010822085794516713,0.8235294117647058,0.7254901960784313,0.35260916279575316
2026-03-09,2,50,-0.23396238684654236,-0.032567877171558755,-0.029112037398459634,0.0316456183785687,0.03510145815166782,0.002084803052467672,0.0007581253740565632,0.001992942348709904,0.7,0.52,0.4288597970667239
2026-03-09,3,50,-0.23396238684654236,-0.030394479548119538,-0.03566529307440286,0.033819016002007915,0.028548202475724593,0.013502180505967933,0.013917632998306673,0.013383953566280207,0.86,0.66,0.3763316150013217
2026-03-09,4,50,-0.23396238684654236,-0.030632358263353407,-0.02897895110764187,0.03358113728677405,0.03523454444248558,0.00715398765898146,0.010514557122635994,0.007798312261537863,0.82,0.64,0.39868411937320575
2026-03-09,5,50,-0.22456470131874084,-0.05063393387852187,-0.056008673076652915,0.01357956167160558,0.008204822473474538,0.0005680775430147955,-0.006496743857972219,0.0016303045369441519,0.54,0.46,0.42894841692287206
2026-03-09,6,50,-0.20473259687423706,-0.02588969278231687,-0.050271995283641735,0.03832380276781058,0.013941500266485718,-0.005387060254020759,-0.006585855678197914,-0.008326230155231255,0.66,0.46,0.5972775613853035
2026-03-09,7,50,-0.1950676590204239,-0.049890853672014485,-0.05855549003650096,0.014322641878112972,0.005658005513626496,0.003048370059793086,0.0036321385398601098,0.0029725600939598685,0.58,0.52,0.4539727324060328
2026-03-09,8,50,-0.181917205452919,-0.040706480152438565,-0.052177769645124716,0.023507015397688888,0.012035725905002737,0.01960343934071976,0.015278797232361864,0.016527186480703598,0.62,0.6,0.4736687854694095
2026-03-09,9,50,-0.045701559633016586,-0.06450958920706101,-0.08442695979198173,-0.0002960936569335515,-0.020213464241854273,-0.00371289518279726,-0.010421045346637457,-0.005435273236859819,0.36,0.42,0.6059702078923377
2026-03-09,10,51,0.13074836134910583,-0.07929410080781338,-0.07108676000312786,-0.015080605257685927,-0.006873264453000405,-0.01564360902336236,-0.0050347105171072975,-0.01587077340394814,0.47058823529411764,0.49019607843137253,0.5106925691607728
2026-03-10,1,51,-0.23396237194538116,-0.01449210220654362,-0.01441661850487097,0.021309795047875123,0.021385278749547765,0.009278692139480467,0.00739926605474134,0.009417722163321136,0.7450980392156863,0.6666666666666666,0.3909416811663715
2026-03-10,2,50,-0.23396238684654236,-0.015468593817901007,-0.010543419790186581,0.020333303436517732,0.025258477464232154,-0.0032318373043753136,-0.0005640924472528606,-0.0019401476419174675,0.7,0.48,0.5268702633309071
2026-03-10,3,50,-0.23396238684654236,-0.007389397465388858,-0.01281345017927954,0.02841249978902988,0.022988447075139196,0.013202341554224364,0.013131476191706072,0.014013699427028806,0.82,0.68,0.39964244058624515
2026-03-10,4,50,-0.23396238684654236,-0.012623425789332707,-0.010927757399956328,0.023178471465086024,0.024874139854462407,0.004580197864408752,0.006188414818089351,0.005143963791513241,0.78,0.56,0.4679493691071567
2026-03-10,5,50,-0.22398163378238678,-0.034247985973533554,-0.03812545197903189,0.0015539112808851806,-0.0023235547246131527,-0.007615191192572932,-0.0017786749956610322,-0.006456534905367295,0.48,0.5,0.47663576357098103
2026-03-10,6,50,-0.20503638684749603,-0.016872548635376725,-0.016994490700426024,0.01892934861904201,0.01880740655399271,-0.006585679936178381,-0.006014704907081335,-0.005528097553977607,0.6,0.46,0.41683348480442467
2026-03-10,7,50,-0.19475015997886658,-0.01798485919980512,-0.01822668575547154,0.017817038054613616,0.017575211498947196,0.007657140059966577,0.008851487581052699,0.00849975340731076,0.7,0.56,0.3492173720811336
2026-03-10,8,50,-0.18150515854358673,-0.00821205760828469,-0.023950371299413742,0.027589839646134044,0.011851525955004993,0.020725600526395403,0.012828646546923785,0.01953894528545173,0.64,0.7,0.44776399040889203
2026-03-10,9,50,-0.04158146679401398,-0.03251077911251664,-0.05069665744653035,0.0032911181419020964,-0.014894760192111611,0.0019374649755824502,-0.012505896925709024,0.0028150329052379843,0.44,0.44,0.55518967835639
2026-03-10,10,51,0.13106855750083923,-0.04277003023580923,-0.030651581472943557,-0.0069681329813904855,0.005150315781475179,-0.008149234755856624,0.004599725270096612,-0.007607807178930974,0.5098039215686274,0.5098039215686274,0.3763496284295087
2026-03-11,1,51,-0.23396237194538116,-0.0022582184401874063,1.992266163686196e-05,0.011299893496727068,0.013578034598551336,0.00525043044746169,-0.0008286277015483999,0.005447841526063457,0.6666666666666666,0.49019607843137253,0.402224604428029
2026-03-11,2,50,-0.23396238684654236,-0.009220027772832715,-0.005368808676186665,0.004338084164081759,0.00818930326072781,-0.009494041495950426,-0.008367850428667943,-0.00915549684507154,0.62,0.34,0.5489167104454147
2026-03-11,3,50,-0.23396238684654236,0.003029164649770879,-0.00018535085101167859,0.016587276586685355,0.013372761085902796,0.005258845714539407,-0.0012992495091023724,0.005885094407288386,0.6,0.5,0.3843701466371117
2026-03-11,4,50,-0.23396238684654236,0.00010010081320646958,0.0009216456710376963,0.013658212750120944,0.01447975760795217,0.003758051864265899,0.0030270714953316027,0.004658234866585086,0.62,0.56,0.47346264413792627
2026-03-11,5,50,-0.2238270789384842,-0.012539613534244501,-0.006369619064046872,0.001018498402669974,0.007188492872867602,-0.006931320349350809,-0.002030967730146492,-0.0070433998457861855,0.52,0.48,0.4543215606860731
2026-03-11,6,50,-0.20460978150367737,0.008954282206719434,0.010285748463555233,0.02251239414363391,0.023843860400469707,0.006964160507134121,0.0033122316826705318,0.007387771988379034,0.64,0.54,0.32814517484534467
2026-03-11,7,50,-0.19481803476810455,-0.0015336291846404482,0.0010754503912175917,0.012024482752274026,0.014633562328132066,0.0014894633257227464,-0.0029623035803378315,0.0016705268786715072,0.66,0.46,0.4488996013269824
2026-03-11,8,50,-0.18178953230381012,0.006564656828475774,0.008525834814901545,0.02012276876539025,0.02208394675181602,0.012697988188156293,0.00965790801267852,0.011756679710854137,0.58,0.56,0.4272622061137298
2026-03-11,9,50,-0.03918454796075821,-0.010731106534632003,-0.016558331237857993,0.002827005402282472,-0.0030002193009435185,-0.003776687494896498,-0.00872623981173659,-0.0021454177771053577,0.46,0.4,0.5224135854109325
2026-03-11,10,51,0.13149380683898926,0.010821421587485142,0.0001238654641544379,0.024379533524399616,0.013681977401068912,0.02005279236277328,0.01345889233296055,0.01862121423366346,0.6274509803921569,0.5490196078431373,0.37056307053909027
2026-03-12,1,51,-0.23396237194538116,0.0012265563871256002,0.004787631136032644,0.008276194853698295,0.011837269602605338,0.006552158143347083,0.007264330585778302,0.006955423239563149,0.6470588235294118,0.6274509803921569,0.3818024244531747
2026-03-12,2,50,-0.23396238684654236,-0.005461539793540846,-0.004833638702136711,0.001588098673031848,0.002215999764435983,-0.0051933382474804125,-0.0057095040076107755,-0.004754314732925987,0.56,0.4,0.4477161595508666
2026-03-12,3,50,-0.23396238684654236,0.005459182669804048,-3.660561665558282e-05,0.012508821136376741,0.007013032849917111,0.005461177384632685,-0.0009468102330277826,0.007012205016601725,0.6,0.48,0.421005023822922
2026-03-12,4,50,-0.23382580280303955,-0.002496166024983493,-0.002547806828388066,0.004553472441589201,0.004501831638184628,0.0025271641599181206,0.0041953848555268975,0.002292790379794367,0.54,0.52,0.4299937357910793
2026-03-12,5,50,-0.22370482981204987,-0.0011154284524787328,-0.002186514557863506,0.005934210014093961,0.004863123908709188,0.0028963884514943495,0.0007489673221847694,0.0019896598744960515,0.54,0.5,0.45865942420328465
2026-03-12,6,50,-0.2050354778766632,0.014877584373755406,0.012239117829226154,0.021927222840328095,0.019288756295798848,0.01002427084953127,0.01618957681534794,0.010844945654548348,0.68,0.62,0.3511095228921701
2026-03-12,7,50,-0.19544009864330292,0.00036475379504540494,-0.0015417324216742134,0.007414392261618099,0.005507906044898481,0.003356770445739665,0.008163572597432835,0.004323769979092819,0.58,0.54,0.34857599727410876
2026-03-12,8,50,-0.1810734122991562,0.004754452722903737,0.00748331776625788,0.01180409118947643,0.014532956232830574,0.007082330000054267,0.00518367701792294,0.007092703479375264,0.58,0.58,0.4537960695639044
2026-03-12,9,50,-0.03467899188399315,-0.007068176608806111,-0.014775801362946095,-1.853814223341743e-05,-0.007726162896373401,-0.007449833194844784,-0.011376877086837765,-0.006317131294839168,0.42,0.4,0.4824879117091248
2026-03-12,10,51,0.12945590913295746,0.015183109108949383,0.009549506294215249,0.02223274757552208,0.016599144760787943,0.01825584819037455,0.009932903662324856,0.013599756572426463,0.6470588235294118,0.6078431372549019,0.44435056237826226
2026-03-13,1,51,-0.23396237194538116,-0.0014357997658601815,0.0009310536484319343,0.010970967664950523,0.01333782107924264,0.008913098858062313,0.007371876552078995,0.00812602429262708,0.6274509803921569,0.5882352941176471,0.38474046723889793
2026-03-13,2,50,-0.23396238684654236,-0.010799354625710527,-0.010155732488199898,0.0016074128051001791,0.002251034942610808,-0.007070104123040959,-0.00442108997130569,-0.0059504309541260824,0.52,0.46,0.4660379600926387
2026-03-13,3,50,-0.23396238684654236,0.0032531116460551555,-0.009401682422794932,0.015659879076865862,0.003005085008015773,0.007973776586987044,-0.0001914515374531454,0.006090954884747823,0.56,0.5,0.45963773501795785
2026-03-13,4,50,-0.23396238684654236,0.0007918999428878349,-0.0029284327435152857,0.01319866737369854,0.00947833468729542,0.0072036889227557995,0.0072868176531013535,0.007281411031183233,0.66,0.58,0.3738606696169154
2026-03-13,5,50,-0.2236153930425644,-0.0037830341661960376,-0.013954760123341348,0.008623733264614668,-0.001547992692530642,0.00588479054080661,0.001257460133362366,0.005234938981878755,0.48,0.52,0.45907633853473107
2026-03-13,6,50,-0.20506425201892853,0.005312037268388104,0.007695608332342285,0.017718804699198808,0.02010237576315299,0.0035251865020882955,0.009881131133956668,0.004440048205829626,0.62,0.54,0.3489104484942704
2026-03-13,7,50,-0.19514156877994537,0.0027139273461889712,0.0033947337002688815,0.015120694776999677,0.015801501131079587,0.009264819480911367,0.008965729950785763,0.010393627422153542,0.64,0.62,0.3401812081158934
2026-03-13,8,50,-0.18109017610549927,0.0007810017832632333,0.010832873964121248,0.01318776921407394,0.023239641394931954,0.009518912693485222,0.004378133197672164,0.008622007071488736,0.62,0.58,0.45077631736563706
2026-03-13,9,50,-0.0366659015417099,-0.00868716203101191,-0.02051841580429098,0.0037196053997987956,-0.008111648373480274,-0.002118862859035593,-0.008306840278199277,-0.0014479244300370604,0.42,0.44,0.46341941054853236
2026-03-13,10,51,0.13001561164855957,0.005246057009399233,0.013868034289317155,0.01765282444020994,0.02627480172012786,0.014589450676752437,0.01854527168348602,0.0144905168963635,0.6470588235294118,0.6470588235294118,0.38115255366927764
2026-03-16,1,51,-0.23396237194538116,-0.011342054490969623,-0.005695269135680969,0.003222341159145513,0.008869126514434167,0.0004562778324135831,0.002001456749450682,0.0014555641016565466,0.5882352941176471,0.5490196078431373,0.42069477205212386
2026-03-16,2,50,-0.23396238684654236,-0.009056316342826373,-0.005685635255313015,0.005508079307288762,0.008878760394802121,-0.002937106745192648,-0.0038703700041157734,-0.0026945268940911367,0.6,0.48,0.46714293792243
2026-03-16,3,50,-0.23396238684654236,0.0012105680813989462,-0.002944900460785216,0.01577496373151408,0.01161949518932992,0.008689605964101694,0.005233101001605069,0.00748123277781388,0.62,0.54,0.46199683124939117
2026-03-16,4,50,-0.23368918895721436,-0.0108562082041284,-0.009551422553370215,0.003708187445986735,0.0050129730967449215,0.001174814024134987,0.0061656184632453166,0.0014360404124280413,0.54,0.56,0.40351301840755677
2026-03-16,5,50,-0.2233114242553711,-0.009932840190780579,-0.016768896565129865,0.004631555459334557,-0.0022045009150147288,0.0033597206722983854,0.0014906660643155835,0.003699047058469357,0.48,0.52,0.43247731435384495
2026-03-16,6,50,-0.2051357626914978,0.0040647664790005944,0.007460990829356362,0.01862916212911573,0.022025386479471498,0.007201243047275079,0.008262981180121866,0.007204247888710849,0.66,0.56,0.3444751081002684
2026-03-16,7,50,-0.1948353797197342,-0.008760031765697196,-0.0038399019801348966,0.00580436388441794,0.01072449366998024,0.0042075084908670445,0.012450438333093507,0.005501895013184596,0.56,0.54,0.34327174153669016
2026-03-16,8,50,-0.18116803467273712,-0.01811079480507847,-0.02492156140139834,-0.0035463991549633334,-0.010357165751283204,-0.005314382243931044,-0.01554318662543408,-0.006489765906270999,0.46,0.46,0.5085488179521934
2026-03-16,9,50,-0.03249838203191757,-0.01640756134298614,-0.03251676920411717,-0.0018431656928710027,-0.017952373554002032,-0.007136990054290569,-0.014542580991570853,-0.0076469755070781706,0.42,0.44,0.5028360866743112
2026-03-16,10,51,0.13075202703475952,-0.006771236023566602,-0.009361041664505021,0.007793159626548534,0.005203353985610115,0.004055359464370663,-0.0006142224926717886,0.005730155903344485,0.5294117647058824,0.49019607843137253,0.4613568613159877
2026-03-17,1,51,-0.23396237194538116,0.022273770328820518,0.021014968683281454,-0.002560615590249094,-0.0038194172357881584,0.0005393043581792049,0.0024711823853239014,9.088690640389233e-05,0.45098039215686275,0.5098039215686274,0.5256508060332795
2026-03-17,2,50,-0.23396238684654236,0.024483222550468614,0.025371209914546,-0.0003511633686009952,0.0005368239954763876,-0.007070407060239408,-0.008180081725252584,-0.0069892959341782915,0.52,0.46,0.5099850902876409
2026-03-17,3,50,-0.23396238684654236,0.03646284287844858,0.02935948676722666,0.01162845695937897,0.004525100848157049,0.009545206538451347,0.002679875614874984,0.008297130998779663,0.52,0.58,0.4731765918419503
2026-03-17,4,50,-0.23396238684654236,0.035303470844071025,0.03257478706789363,0.010469084925001412,0.0077404011488240165,0.008627800450765716,0.006506938240093798,0.008348436058066688,0.58,0.6,0.34562928661363246
2026-03-17,5,50,-0.2236706167459488,0.027248233995502316,0.026530354930163536,0.002413848076432712,0.001695969011093923,0.0009047190282008089,0.007070333884689696,0.0008053530147572713,0.54,0.56,0.46554398404041275
2026-03-17,6,50,-0.2052294760942459,0.039836087430476716,0.04180568913172411,0.015001701511407103,0.016971303212654498,0.015668978347552768,0.010380683259375746,0.017010121192468933,0.64,0.54,0.36355721155834464
2026-03-17,7,50,-0.19516883790493011,0.035888820915835874,0.03196561062005643,0.01105443499676626,0.007131224700986816,0.007466041923325046,0.015228478457278871,0.008222652568737719,0.56,0.56,0.31663951852803945
2026-03-17,8,50,-0.1808849722146988,0.018672887712579845,0.019268143568283325,-0.0061614982064897685,-0.005566242350786288,-0.008037767349039951,-0.010869957605152246,-0.007845240180768204,0.46,0.44,0.5717853251251458
2026-03-17,9,50,-0.030002927407622337,0.0074223378041693815,0.006352190325308982,-0.01741204811490023,-0.01848219559376063,-0.026413801944140048,-0.03126474794626749,-0.029083959968629003,0.38,0.36,0.6262378328456789
2026-03-17,10,51,0.12951533496379852,0.04057485579921607,0.03610240534505649,0.015740469880146452,0.011268019425986875,0.010234728396058478,0.008097228043304984,0.01258629765273829,0.5686274509803921,0.5490196078431373,0.4336375564776828
2026-03-18,1,51,-0.23396237194538116,0.03214930310871282,0.0317352525283956,-0.0011438319237215375,-0.0015578825040387656,-0.0007692200465470371,0.004061409643092708,-0.0007434778400180234,0.47058823529411764,0.5686274509803921,0.4541377636684517
2026-03-18,2,50,-0.23396238684654236,0.03477585663579377,0.03576545947597609,0.0014827216033594115,0.002472324443541729,-0.005089936883864281,-0.004199675232069598,-0.004583443188242754,0.54,0.4,0.5239713555653127
2026-03-18,3,50,-0.23396238684654236,0.0458874375392248,0.03273998969416758,0.012594302506790438,-0.0005531453382667806,0.011841944842890475,0.006062050408632226,0.010875830713404951,0.5,0.56,0.4479072114617171
2026-03-18,4,50,-0.23396238684654236,0.042404480333580984,0.03427708233908744,0.009111345301146623,0.0009839473066530768,0.005992412538306509,0.00771981439660724,0.005526398340858221,0.54,0.58,0.4036794737315501
2026-03-18,5,50,-0.22394134104251862,0.023798465607717274,0.024211789180646925,-0.009494669424717085,-0.009081345851787437,-0.009093355545237648,-0.012224089013787185,-0.009891535847280973,0.44,0.48,0.5478894227751893
2026-03-18,6,50,-0.2049669623374939,0.04817409541318748,0.04327282886090389,0.014880960380753112,0.009979693828469527,0.014209263040301916,0.00831363012842107,0.015250555610834146,0.62,0.64,0.3759811282794757
2026-03-18,7,50,-0.19507896900177002,0.03786375662432767,0.05057692641468059,0.0045706215918933065,0.017283791382246227,0.00032673449362974116,0.008476890491360191,0.0013960299912157902,0.56,0.58,0.3365364365435692
2026-03-18,8,50,-0.18074744939804077,0.005182219293079744,0.004542735733618852,-0.028110915739354616,-0.02875039929881551,-0.028048804755199278,-0.03352439648623862,-0.030831233247460166,0.32,0.3,0.708592099357804
2026-03-18,9,50,-0.03285515680909157,-0.005920655461120234,-0.005294319067692788,-0.0392137904935546,-0.03858745410012715,-0.04741466101085716,-0.0439573178035802,-0.04762949449181678,0.32,0.28,0.5745219398040561
2026-03-18,10,51,0.13079670071601868,0.032751651319663566,0.038415329862554026,-0.0005414837127707928,0.005122194830119664,-0.0029861070014806884,-0.0033154241684054107,-0.0022069378492578845,0.5098039215686274,0.49019607843137253,0.4350335849041562
2026-03-19,1,51,-0.23396237194538116,0.03744701464909215,0.049497572257245714,-0.010180865609940049,0.0018696919982135185,-0.008244816575101543,-0.004279072476672306,-0.00771884761219677,0.5098039215686274,0.43137254901960786,0.5058680128612999
2026-03-19,2,50,-0.23396238684654236,0.03773410450083533,0.03297067798996878,-0.00989377575819687,-0.014657202269063418,-0.010799972787101604,-0.009098710008141052,-0.009895857965720877,0.38,0.36,0.6462405410874263
2026-03-19,3,50,-0.23396238684654236,0.05156300692299569,0.04477256454947387,0.003935126663963493,-0.002855315709558326,0.00814812191349661,-0.0027707797166214836,0.005489204144276248,0.48,0.48,0.5097806180693644
2026-03-19,4,50,-0.23396238684654236,0.04272682705657532,0.047457997140880614,-0.004901053202456884,-0.00016988311815158141,-0.001507839485520186,0.0007540987975727677,-0.001415088604632469,0.5,0.52,0.4445000891102793
2026-03-19,5,50,-0.22370125353336334,0.02606971321332594,0.017685193430913904,-0.021558167045706254,-0.029942686828118292,-0.014782749390765213,-0.00824649667383509,-0.014207177354821741,0.4,0.4,0.48089586548109037
2026-03-19,6,50,-0.20503376424312592,0.05405294916647467,0.061395728100388514,0.006425068907442471,0.013767847841356318,0.013733792089898342,0.02039345586227931,0.013742435550314638,0.62,0.64,0.3194861131888815
2026-03-19,7,50,-0.19498397409915924,0.0409869600249435,0.05844517269896399,-0.006640920234088696,0.010817292439931792,-0.006794943374384615,0.002973060201127588,-0.005738209980249518,0.56,0.52,0.40841003021075784
2026-03-19,8,50,-0.1809672862291336,0.005953085692754236,-0.009092486843260472,-0.041674794566277956,-0.05672036710229267,-0.03902366767047852,-0.039695258737532824,-0.043131847716623845,0.3,0.34,0.6813315212689449
2026-03-19,9,50,-0.03301728889346123,0.005529224538186142,0.005921469187398443,-0.04209865572084604,-0.04170641107163375,-0.05315051580809903,-0.04652298756268575,-0.053370350738269005,0.4,0.32,0.5766562840850313
2026-03-19,10,51,0.1294878125190735,0.07128324465512709,0.06191950610652741,0.023655364396094898,0.014291625847495215,0.021575470639052182,0.006416277320819676,0.0204836715520362,0.5882352941176471,0.5294117647058824,0.3619799746177848
2026-03-20,1,51,-0.23396237194538116,0.028838301058887145,0.032738293969719834,-0.018035223421948885,-0.014135230511116204,-0.0105031456152903,-0.01197470210242829,-0.010586828984676227,0.3333333333333333,0.35294117647058826,0.5772601351904332
2026-03-20,2,50,-0.23396238684654236,0.031767535657670154,0.03154199625397569,-0.015105988823165889,-0.015331528226860347,-0.010260240456810543,-0.013872076075020221,-0.009660570716720374,0.34,0.34,0.6382940194545734
2026-03-20,3,50,-0.23396238684654236,0.04518569499414992,0.038504055279958704,-0.001687829486686112,-0.008369469200877333,0.0039305167850175885,-0.0063200967257714385,0.0022748401179744616,0.4,0.48,0.5283499471370746
2026-03-20,4,50,-0.23396238684654236,0.04103362025847423,0.03813052142455142,-0.005839904222361811,-0.008743003056284615,-0.0009766799161902329,-0.005705393097165499,-0.0007372240408654197,0.4,0.46,0.4453830021697315
2026-03-20,5,50,-0.22376202046871185,0.028648460009405418,0.03505414176937138,-0.01822506447143062,-0.011819382711464654,-0.006083291911283144,-0.0005889572749496184,-0.005011407514480406,0.36,0.5,0.39302241424380946
2026-03-20,6,50,-0.20501497387886047,0.042559128078660795,0.050395981381604504,-0.004314396402175251,0.003522456900768467,0.007121693156821674,0.011359839413558783,0.007321490914478249,0.54,0.62,0.34770985460478054
2026-03-20,7,50,-0.19536563754081726,0.035873874390823096,0.045539481384404557,-0.01099965009001294,-0.0013340430964314809,-0.009529482454709783,0.0056947898314272955,-0.007778559707511543,0.5,0.54,0.34397906616905105
2026-03-20,8,50,-0.18141761422157288,0.024216608449150703,0.005707281149973542,-0.022656916031685334,-0.041166243330862495,-0.02196589795648513,-0.028008765343788433,-0.025482000799714775,0.3,0.34,0.6172618241703639
2026-03-20,9,50,-0.03649795427918434,0.012452015388770672,0.014797692767031578,-0.034421509092065365,-0.03207583171380446,-0.04513466431606644,-0.04043739085277215,-0.04557112770658169,0.36,0.32,0.5418399586479586
2026-03-20,10,51,0.13327042758464813,0.08555586625726148,0.0803611112510898,0.03868234177642544,0.03348758677025376,0.034664915490601515,0.030352904077492415,0.03343168360270876,0.5882352941176471,0.5882352941176471,0.36482823448085333
2026-03-23,1,51,-0.23396237194538116,0.03267149421394755,0.0336995953304724,-0.030527057119153714,-0.029498956002628862,-0.010373145073457735,-0.005130841113181793,-0.010718521989413376,0.2549019607843137,0.4117647058823529,0.5157433887327763
2026-03-23,2,50,-0.23396238684654236,0.028376412114810744,0.026545463335192032,-0.03482213921829051,-0.03665308799790923,-0.01431081428277767,-0.015947528972320824,-0.015692875950389425,0.12,0.32,0.701348396407397
2026-03-23,3,50,-0.23396238684654236,0.03631403193901711,0.029458761636278585,-0.026884519394084146,-0.033739789696822675,-0.00797849164962951,-0.014260708955947497,-0.008877126423147053,0.3,0.34,0.5823521527610049
2026-03-23,4,50,-0.23396238684654236,0.04209552812807704,0.0395914259386978,-0.021103023205024222,-0.02360712539440346,-0.002666616379262674,-0.0010885001081844523,-0.003123924063968631,0.26,0.48,0.4744214101487584
2026-03-23,5,50,-0.22376026213169098,0.03009459250373027,0.03177532291313223,-0.033103958829370984,-0.03142322841996903,-0.009014455525912712,-0.010592843419756358,-0.006620424666671744,0.36,0.4,0.5058730348244662
2026-03-23,6,50,-0.20501479506492615,0.04193784323585326,0.04651331990370977,-0.021260708097248,-0.01668523142939149,0.0017926185582943165,0.010677560856963088,0.004849806629591679,0.42,0.54,0.33995876599761415
2026-03-23,7,50,-0.19505764544010162,0.04075749598774005,0.04436522675967458,-0.022441055345361217,-0.01883332457342668,-0.010961563615067109,-0.018445422689519597,-0.009113127749286793,0.46,0.46,0.43274014259671284
2026-03-23,8,50,-0.18171261250972748,0.03090569507520226,0.02808694025495484,-0.032292856257898996,-0.03511161107814642,-0.028614422871833477,-0.032970572630114714,-0.02977975752524874,0.3,0.34,0.6168143931722666
2026-03-23,9,50,-0.03920285403728485,0.023811799759671796,0.02785569097908891,-0.03938675157342946,-0.03534286035401235,-0.04230769152953845,-0.04546692397188251,-0.044275463926456926,0.3,0.3,0.6653281669079668
2026-03-23,10,51,0.13286647200584412,0.10313314546994841,0.10452499916559477,0.03993459413684716,0.04132644783249351,0.040193076135267174,0.052458645639227364,0.03737205745117243,0.6470588235294118,0.6470588235294118,0.3382032682715311
2026-03-24,1,51,-0.23396237194538116,0.021654734663952433,0.023200552907759464,-0.04399490243046487,-0.042449084186657826,-0.012799581457500955,-0.010746515493335882,-0.013307911925620992,0.21568627450980393,0.39215686274509803,0.5779933604547602
2026-03-24,2,50,-0.23396238684654236,0.027389272255868024,0.022747816028914625,-0.03826036483854926,-0.042901821065502665,-0.007956461790915824,-0.012167454585932934,-0.00834124502530365,0.2,0.4,0.5700212793539408
2026-03-24,3,50,-0.23396238684654236,0.02866568925582491,0.02636396135422092,-0.03698394783859238,-0.03928567574019637,-0.009254954866492655,-0.010317362406144058,-0.009092030261948783,0.2,0.32,0.6252164722174851
2026-03-24,4,50,-0.23396238684654236,0.03007687726545636,0.03101992012614041,-0.03557275982896093,-0.03462971696827688,-0.006788057024792998,-0.009220650293282616,-0.007041614552392581,0.22,0.4,0.5205557991901691
2026-03-24,5,50,-0.22359876334667206,0.020691671200330438,0.020661692701042456,-0.04495796589408685,-0.044987944393374835,-0.01568670110117964,-0.013189953723046322,-0.013780624545828124,0.26,0.42,0.5745072961875646
2026-03-24,6,50,-0.20500297844409943,0.024645097170349916,0.015409094177950444,-0.04100453992406738,-0.050240542916466846,-0.006346197485746881,-0.018267713369986283,-0.005984091838194138,0.26,0.4,0.5410126157413874
2026-03-24,7,50,-0.19513368606567383,0.0397795900496497,0.05005604921014373,-0.0258700470447676,-0.015593587884273563,-0.007368529764332967,-0.007574471802079539,-0.004937025195649177,0.38,0.46,0.4395893919010316
2026-03-24,8,50,-0.18143978714942932,0.041665139876469734,0.031099643448904923,-0.023984497217947556,-0.03454999364551237,-0.017699174127534464,-0.029655464717256275,-0.017915656374759302,0.34,0.36,0.5582842405719418
2026-03-24,9,50,-0.03595943748950958,0.02987346880012665,0.022997649877778525,-0.03577616829429064,-0.042651987216638765,-0.03277352224731911,-0.03760576760489348,-0.034084618728646744,0.36,0.36,0.6223967528189812
2026-03-24,10,51,0.13280270993709564,0.10183004498493883,0.10346854561518692,0.036180407890521536,0.037818908520769634,0.03823973045307017,0.046382645123684896,0.03627532641515303,0.6470588235294118,0.7058823529411765,0.32892665550193173
2026-03-25,1,51,-0.23396237194538116,0.025260461623323627,0.02370819413940284,-0.06243264156231421,-0.063984909046235,-0.021421567819794703,-0.01835698356691945,-0.02207768736300556,0.09803921568627451,0.29411764705882354,0.7467627511719264
2026-03-25,2,50,-0.23396238684654236,0.02241331258176779,0.02205437950191591,-0.06527979060387004,-0.06563872368372192,-0.018583939084006712,-0.011340720904960131,-0.01975852933078815,0.12,0.34,0.6906827503877381
2026-03-25,3,50,-0.23396238684654236,0.031087154236001172,0.024718992084664326,-0.05660594894963666,-0.0629741111009735,-0.01746532419070388,-0.011933254153924043,-0.01934304081570775,0.14,0.34,0.6816370809556368
2026-03-25,4,50,-0.23396238684654236,0.03497460703494129,0.03651533511483773,-0.052718496150696535,-0.0511777680708001,-0.011065977085228544,-0.012477870643192111,-0.010772313715964765,0.1,0.32,0.5769791719726216
2026-03-25,5,50,-0.2234254628419876,0.034301417055673765,0.03571648435509034,-0.05339168612996406,-0.051976618830547494,-0.015578047067230644,-0.01213621698742212,-0.014274049307840663,0.22,0.38,0.5477102828277531
2026-03-25,6,50,-0.20473335683345795,0.04011514419187501,0.03681962566343322,-0.04757795899376283,-0.05087347752220461,-0.0013249231472545419,-0.00670209640007041,-0.00358534323480474,0.28,0.48,0.4766270677977263
2026-03-25,7,50,-0.1957242786884308,0.06436479669038551,0.06533544132542268,-0.023328306495252308,-0.02235766186021515,-0.003450589048164101,0.006582160475687994,-0.0015986602497000569,0.4,0.54,0.3496919442987377
2026-03-25,8,50,-0.18160171806812286,0.05524474000203398,0.03441680240661249,-0.032448363183603855,-0.05327630077902534,-0.027170919468335178,-0.027263404662988322,-0.029626290783085197,0.26,0.34,0.6831074967472889
2026-03-25,9,50,-0.03672370687127113,0.05562298134458141,0.046665171563803676,-0.032070121841056426,-0.04102793162183416,-0.030097258663140412,-0.031142848316054017,-0.027750803356089766,0.36,0.36,0.5251777598984201
2026-03-25,10,51,0.13215908408164978,0.15821870151694467,0.1566447600534815,0.07052559833130684,0.06895165686784366,0.06997638599967666,0.08182432615598106,0.0656622261885101,0.6470588235294118,0.7843137254901961,0.3056823471839461
2026-03-26,1,51,-0.23396237194538116,0.051994055485488605,0.053269740791925146,-0.06794157600537423,-0.06666589069893769,-0.0169491958903025,-0.008604146153648516,-0.0167883504225061,0.1568627450980392,0.45098039215686275,0.47830416095721184
2026-03-26,2,50,-0.23396238684654236,0.04151640430666578,0.032356307602450785,-0.07841922718419707,-0.08757932388841205,-0.018814300415188598,-0.015889331305876164,-0.019745299051819196,0.08,0.38,0.6780451291622441
2026-03-26,3,50,-0.23396238684654236,0.050004961709563804,0.049332505143851124,-0.06993066978129903,-0.07060312634701171,-0.01984400544267956,-0.023790908040991654,-0.020236020237098296,0.14,0.36,0.6535938028038532
2026-03-26,4,50,-0.23396238684654236,0.0565000788272341,0.06780748060944053,-0.06343555266362873,-0.05212815088142231,-0.013269144957447248,-0.017228740330326953,-0.012810176291943308,0.1,0.34,0.5741236474780863
2026-03-26,5,50,-0.223941370844841,0.05333043490959326,0.05640488926958376,-0.06660519658126958,-0.06353074222127908,-0.020667891550744034,-0.014315373618846603,-0.020433155039232802,0.2,0.38,0.5464799196371298
2026-03-26,6,50,-0.20455585420131683,0.07031656469333238,0.08462186882585987,-0.049619066797530455,-0.03531376266500297,0.003722975811919931,0.004776609097740527,0.0030695605364449543,0.34,0.52,0.4620200902762606
2026-03-26,7,50,-0.1956959366798401,0.10033986133583263,0.10502692092731192,-0.019595770155030223,-0.01490871056355092,-0.000924874060279357,0.00039101774320643564,-0.00030813434849110034,0.4,0.5,0.3773749289761263
2026-03-26,8,50,-0.18136772513389587,0.09888050346837812,0.09324279532446966,-0.02105512802248471,-0.026692836166393175,-0.019716595970842365,-0.030697839930906412,-0.023670092536611266,0.38,0.36,0.5880825126979332
2026-03-26,9,50,-0.0338253453373909,0.09091650772965501,0.09461426189946598,-0.02901912376120784,-0.02532136959139686,-0.022916594307029477,-0.0001454379029326978,-0.02091923388290986,0.48,0.5,0.4469943079143217
2026-03-26,10,51,0.13475991785526276,0.19253614526321788,0.173448260872743,0.0726005137723551,0.05351262938188017,0.06958512249725674,0.07395062596523122,0.06782440746894497,0.6862745098039216,0.7843137254901961,0.3083016161668041
2026-03-27,1,51,-0.23396237194538116,0.04625793260795493,0.0468067912375969,-0.07518771126434567,-0.07463885263470371,-0.014906478391096892,-0.011752135386001892,-0.014819816468180484,0.17647058823529413,0.37254901960784315,0.5068856946537119
2026-03-27,2,50,-0.23396238684654236,0.03050557279174377,0.020916520481213285,-0.09094007108055685,-0.10052912339108733,-0.02591546500194468,-0.0269173603123134,-0.025648950734496922,0.06,0.28,0.6648963792727154
2026-03-27,3,50,-0.23396238684654236,0.044221484771771104,0.04646755989234619,-0.07722415910052952,-0.07497808397995442,-0.027524977215911513,-0.02998595146865951,-0.029758684122939815,0.14,0.4,0.663631586628801
2026-03-27,4,50,-0.23396238684654236,0.0460337427131368,0.029236386008927084,-0.07541190115916381,-0.09220925786337353,-0.018014515996294094,-0.012332770154404591,-0.0175228567354252,0.16,0.38,0.5848093037099252
2026-03-27,5,50,-0.22389429807662964,0.06693810811293716,0.05516475603693172,-0.054507535759363464,-0.0662808878353689,-0.013623407325912542,-0.00988303353921671,-0.012256512535214871,0.28,0.44,0.44991783325053514
2026-03-27,6,50,-0.20440801978111267,0.08283128299791535,0.09882573636675795,-0.038614360874385266,-0.022619907505542658,0.010814549451767928,0.014758090620069608,0.011477120705593764,0.38,0.58,0.36970651284938966
2026-03-27,7,50,-0.19608533382415771,0.11253729499826733,0.1218686248675831,-0.008908348874033287,0.0004229809952824848,0.011480657103745202,0.01097268508449062,0.012024800455904953,0.52,0.56,0.36679185864459074
2026-03-27,8,50,-0.1801578551530838,0.10388860697816327,0.0987188811377464,-0.017557036894137346,-0.022726762734554207,-0.02667685607562552,-0.030903812925179797,-0.032982540887538415,0.36,0.34,0.6490934691987321
2026-03-27,9,50,-0.0324077233672142,0.10023523161303746,0.11749915480522044,-0.021210412259263157,-0.003946489067080172,-0.022104434516387245,0.016424402575500097,-0.02244059391417809,0.46,0.56,0.4264310306221513
2026-03-27,10,51,0.13535583019256592,0.23570675207677624,0.20630434356453442,0.11426110820447562,0.08485869969223381,0.10840042148344911,0.10533692159596436,0.11008194386313128,0.7254901960784313,0.8431372549019608,0.26195750232742154
2026-03-30,1,51,-0.23396237194538116,0.02475890871711742,0.026054783879701615,-0.05787477215013466,-0.056578896987550475,-0.009149652354661126,-0.0014140333575314843,-0.009049786917370115,0.19607843137254902,0.47058823529411764,0.437173656227125
2026-03-30,2,50,-0.23396238684654236,0.010828190050687745,0.003763461988166461,-0.07180549081656434,-0.07887021887908563,-0.01794641825726333,-0.015400759896270377,-0.019064163909798745,0.06,0.28,0.6851415613058439
2026-03-30,3,50,-0.23396238684654236,0.01899294104551991,0.011027079275554574,-0.06364073982173218,-0.07160660159169752,-0.018829205976143924,-0.023518186318419343,-0.022142964764170596,0.16,0.34,0.6862171641432143
2026-03-30,4,50,-0.23396238684654236,0.028114565267206137,0.02583859115426479,-0.054519115600045964,-0.0567950897129873,-0.010363035952389387,-0.014032304368473912,-0.011923728770153318,0.12,0.38,0.6575918029472961
2026-03-30,5,50,-0.22433613240718842,0.03896804148908464,0.038191914976101304,-0.043665639378167434,-0.044441765891150786,-0.006925465984904351,-0.006497202893322783,-0.0065138842428508585,0.32,0.42,0.4825634955261039
2026-03-30,6,50,-0.20459991693496704,0.059339496041993255,0.059805496957903825,-0.023294184825258843,-0.022828183909348265,0.01261999054841874,0.015807264371913543,0.015090651445872792,0.42,0.58,0.338757619258462
2026-03-30,7,50,-0.1950875073671341,0.06997171165538572,0.09048059760008442,-0.01266196921186636,0.007846916732832332,0.00630588815188474,0.0007379931831840727,0.007762783890959365,0.52,0.54,0.41502142305540174
2026-03-30,8,50,-0.18042448163032532,0.0717234223162078,0.05703851587086284,-0.010910258551044301,-0.025595164996389252,-0.019049233893885482,-0.028455231355505095,-0.021765590657619956,0.38,0.32,0.569948137121768
2026-03-30,9,50,-0.029947001487016678,0.06894949168140595,0.07797599429976065,-0.013684189185846143,-0.004657686567491437,-0.00960806618406735,0.007293608567897682,-0.010009434347160577,0.5,0.54,0.41178305294787726
2026-03-30,10,51,0.13353799283504486,0.169946480812851,0.185846024153284,0.08731279994559885,0.1032123432860319,0.07956340228689246,0.06406933590769653,0.08021022731474736,0.6666666666666666,0.7843137254901961,0.27851637056472384
2026-03-31,1,51,-0.23396237194538116,0.018124648276470885,0.025140045974318737,-0.06729448451831044,-0.06027908682046257,-0.010255587030408604,-0.006693304239747953,-0.009992935031583107,0.09803921568627451,0.43137254901960786,0.4904384375747142
2026-03-31,2,50,-0.23396238684654236,0.004359118436134226,0.0012877587393547163,-0.08106001435864708,-0.08413137405542659,-0.021819265114496438,-0.016227520850901567,-0.0226636757942588,0.02,0.28,0.7781989172985028
2026-03-31,3,50,-0.23396238684654236,0.01674892146538221,0.008430273591650939,-0.0686702113293991,-0.07698885920313037,-0.017654763738531875,-0.021888433740619828,-0.02040920944744433,0.1,0.42,0.6761054744620708
2026-03-31,4,50,-0.23396238684654236,0.02127794886481677,0.022803707287716968,-0.06414118392996453,-0.06261542550706434,-0.013087915968471014,-0.014550668313994984,-0.013433893161577774,0.06,0.38,0.497295816984629
2026-03-31,5,50,-0.22418968379497528,0.04109004311601122,0.03538417119049697,-0.04432908967877009,-0.050034961604284334,-0.0024959661768116747,-0.006315311293121293,-0.0037791150021694205,0.18,0.42,0.5309466600755516
2026-03-31,6,50,-0.20484420657157898,0.04649669718150436,0.036043162349645885,-0.03892243561327695,-0.04937597044513542,0.0018944656117710367,0.003108444136342649,0.003244442493975286,0.34,0.54,0.3876831132040004
2026-03-31,7,50,-0.194913849234581,0.0675099797461177,0.06560112962827946,-0.017909153048663612,-0.01981800316650184,0.006970512584454729,0.009208484819043407,0.004899886287283437,0.44,0.54,0.40328302111642317
2026-03-31,8,50,-0.17584556341171265,0.05901614693301099,0.05973693177230677,-0.026402985861770308,-0.025682201022474538,-0.028679439921627123,-0.02002440386576937,-0.02809967786826225,0.3,0.34,0.5329540664959739
2026-03-31,9,50,-0.03393404558300972,0.09011956848090855,0.07690688397167256,0.004700435686127258,-0.008512248823108748,0.004073695540057372,0.017270689465803846,0.0050317139420439005,0.46,0.56,0.4290377862311313
2026-03-31,10,51,0.11903556436300278,0.15721778830101688,0.14668628660746896,0.07179865550623561,0.06126715381268766,0.0737124664431954,0.07466718455545657,0.07584292003213441,0.6666666666666666,0.7843137254901961,0.2736238721336132
2026-04-01,1,51,-0.23396237194538116,0.021602696813378158,0.025111962020976764,-0.05863150068597019,-0.055122235478371584,-0.013731604232760732,-0.013871526610521987,-0.01273884794829372,0.1568627450980392,0.35294117647058826,0.5195630646613234
2026-04-01,2,50,-0.23396238684654236,0.013672829166307297,0.012907012078438473,-0.06656136833304105,-0.06732718542090987,-0.01833547407921546,-0.015557473457260607,-0.018628410214884226,0.08,0.28,0.7166711113143955
2026-04-01,3,50,-0.23396238684654236,0.022546209316558506,0.02121311904082268,-0.05768798818278984,-0.059021078458525666,-0.01688764316203948,-0.012455263831212924,-0.018566570542866204,0.1,0.32,0.5485757695567758
2026-04-01,4,50,-0.23396238684654236,0.03220475845856304,0.020164103220706053,-0.04802943904078531,-0.060070094278642294,-0.00218894752547419,0.0005480396159470726,-0.0050332964055654576,0.1,0.52,0.5542473709605077
2026-04-01,5,50,-0.22450576722621918,0.02377490793884567,0.019316070216183312,-0.05645928956050269,-0.060918127283165036,-0.02191395828099529,-0.013531670928870252,-0.020429423280949245,0.24,0.44,0.5272574881010585
2026-04-01,6,50,-0.20487476885318756,0.06916333759447241,0.06031525293611806,-0.011070859904875935,-0.01991894456323029,0.021434567150444027,0.01198142483003989,0.020754081108203662,0.38,0.58,0.4184806573213047
2026-04-01,7,50,-0.19522787630558014,0.07249535509657161,0.08609148497429508,-0.007738842402776737,0.005857287474946737,0.004382267164135396,-0.017437821798124087,0.004429382483965542,0.52,0.46,0.5096957544290959
2026-04-01,8,50,-0.17943736910820007,0.020028484803737038,0.020948989700048104,-0.0602057126956113,-0.059285207799300244,-0.05968654087339944,-0.03833753793302619,-0.05972693961578998,0.22,0.24,0.6774731399513549
2026-04-01,9,50,-0.03382750600576401,0.07093026560462605,0.0632974848465171,-0.009303931894722298,-0.016936712652831254,-0.011055877247674636,0.011891427781346055,-0.013855087260143142,0.42,0.56,0.5611557173678017
2026-04-01,10,51,0.11847241967916489,0.13211649066043366,0.12514817354437713,0.051882293161085315,0.04491397604502878,0.05647411472484739,0.06075507478972414,0.05636259142605158,0.6274509803921569,0.7058823529411765,0.28497415190047376
2026-04-02,1,51,-0.23396237194538116,0.012094181583581309,0.009212416081802566,-0.07138966401015237,-0.07427142951193111,-0.015202506773752412,-0.011173919643770068,-0.015309024436841647,0.09803921568627451,0.37254901960784315,0.5557420833598082
2026-04-02,2,50,-0.23396238684654236,0.0012954455971308666,-0.0012836829679813144,-0.08218839999660282,-0.08476752856171499,-0.022165875853716793,-0.015614012717375114,-0.022115130873531362,0.04,0.28,0.7063913253104088
2026-04-02,3,50,-0.23396238684654236,0.014205922141802718,0.008198274829865793,-0.06927792345193096,-0.07528557076386788,-0.016794745599315243,-0.01217171427408109,-0.016556754941524567,0.1,0.38,0.6075905594439222
2026-04-02,4,50,-0.23396238684654236,0.020547572182525613,0.013083859313080315,-0.06293627341120807,-0.07039998628065336,-0.007408328299879205,-0.0035430250839571507,-0.005624246831830746,0.1,0.44,0.4747624918950629
2026-04-02,5,50,-0.22451166808605194,0.018086132211302515,0.016818827320961627,-0.06539771338243115,-0.06666501827277205,-0.019439291482264687,-0.03276992687432878,-0.01861094297250411,0.16,0.34,0.623870570476775
2026-04-02,6,50,-0.20469778776168823,0.05637794147563973,0.05722720653654256,-0.027105904118093944,-0.02625663905719111,0.01730218902502673,0.004793435295499972,0.020545126449547316,0.34,0.54,0.43911782686116857
2026-04-02,7,50,-0.19496102631092072,0.05071319698879783,0.034590418488863905,-0.032770648604935844,-0.04889342710486977,-0.014805305856446576,-0.029563295070291595,-0.013947658622954795,0.38,0.38,0.5359422558999202
2026-04-02,8,50,-0.17555706202983856,0.02115488769493742,0.011119418017822458,-0.06232895789879626,-0.07236442757591122,-0.060398733212594174,-0.05142005218774248,-0.058626644676422715,0.2,0.32,0.5493486546131997
2026-04-02,9,50,-0.03571227565407753,0.07504948772895761,0.04771545990806925,-0.008434357864776053,-0.03576838568566443,-0.014048401779923335,0.009632958035351304,-0.015644251053384815,0.4,0.54,0.5540876322791081
2026-04-02,10,51,0.11849000304937363,0.14384380960403795,0.11370556773440099,0.06035996401030427,0.030221722140667318,0.06697079311435285,0.07838310256757658,0.06077529583978722,0.6862745098039216,0.7254901960784313,0.32520350616549176
2026-04-06,1,51,-0.23396237194538116,0.013360385459447493,0.02142909672812854,-0.07151266859465658,-0.06344395732597552,-0.012488441854084613,-0.006540354627059207,-0.009956087800756384,0.0784313725490196,0.43137254901960786,0.42268415241803275
2026-04-06,2,50,-0.23396238684654236,0.006977409522325584,0.007635073358557398,-0.07789564453177848,-0.07723798069554666,-0.01816297306881876,-0.018908156381339913,-0.01814197287295157,0.04,0.32,0.6244936028172376
2026-04-06,3,50,-0.23396238684654236,0.015095662698701216,0.0034738341923633564,-0.06977739135540284,-0.0813992198617407,-0.014547388987475674,-0.009009010234049262,-0.0165461420517154,0.12,0.38,0.5617929245044481
2026-04-06,4,50,-0.23396238684654236,0.011543880057168105,0.012173054743333522,-0.07332917399693595,-0.07269999931077054,-0.014205608454665293,-0.00289792421140722,-0.010322464869562285,0.06,0.44,0.43524643975195115
2026-04-06,5,50,-0.2246849685907364,0.030119828733694756,0.02696045436559158,-0.05475322532040929,-0.05791259968851248,-0.014384531168073127,-0.010205715060605134,-0.014821035262090599,0.26,0.4,0.5042904507334075
2026-04-06,6,50,-0.20469780266284943,0.05222137633107719,0.037440286459711536,-0.03265167772302687,-0.04743276759439252,0.014609330179508965,0.0041880039243057405,0.015059366507245677,0.38,0.52,0.38740338814678726
2026-04-06,7,50,-0.19505636394023895,0.06605539037307824,0.07388528732414379,-0.01881766368102581,-0.010987766729960269,0.0016932353356676356,0.002208488356361728,0.0032926192253113283,0.4,0.5,0.46263582350692056
2026-04-06,8,50,-0.17722579836845398,0.02586606104475594,0.012478261504373145,-0.059006993009348106,-0.07239479254973091,-0.062479913973784,-0.05256145859996059,-0.06245840891708196,0.22,0.28,0.6288653947929786
2026-04-06,9,50,-0.03419499844312668,0.06140339692838242,0.04185814720038816,-0.023469657125721636,-0.043014906853715895,-0.02160250770923646,-0.011792743802826076,-0.02492690295235913,0.36,0.46,0.5459744200310975
2026-04-06,10,51,0.11904623359441757,0.13715145971191003,0.12273091048583185,0.05227840565780595,0.03785785643172779,0.058107824995926545,0.05861907846902975,0.05378371270739866,0.6470588235294118,0.6078431372549019,0.36231236997365557
2026-04-07,1,51,-0.23396237194538116,-0.004328066666772959,-0.003858886524572114,-0.05710833938514823,-0.05663915924294738,-0.010385673941631519,-0.006351583443355567,-0.009313732768121117,0.11764705882352941,0.45098039215686275,0.43280625655337046
2026-04-07,2,50,-0.23396238684654236,-0.005715550093552077,-0.006797945709287712,-0.05849582281192735,-0.05957821842766298,-0.00886336606184779,-0.004623129817677539,-0.009407205458399506,0.04,0.38,0.5680958010161606
2026-04-07,3,50,-0.23396238684654236,0.006085857769911864,-0.0005383719366008344,-0.04669441494846341,-0.0533186446549761,-0.004431081011668223,-0.011510775528178195,-0.004970730374982774,0.12,0.4,0.623700997901162
2026-04-07,4,50,-0.23396238684654236,-0.007472654625894406,0.005490728746591178,-0.06025292734426967,-0.04728954397178409,-0.015132621386273542,0.001990711716873207,-0.013623764717071473,0.08,0.52,0.47117729404993064
2026-04-07,5,50,-0.22351989150047302,0.005641850661781589,0.004901435961603973,-0.04713842205659368,-0.04787883675677129,-0.005848118431380664,-0.012031761837588415,-0.008419511517800146,0.14,0.42,0.5549814073454321
2026-04-07,6,50,-0.20430344343185425,0.018194460074034954,0.0026292517529848958,-0.03458581264434031,-0.05015102096539037,-0.004654535659693002,-0.00046816836084045835,-0.005560657933961179,0.32,0.5,0.42178947685240026
2026-04-07,7,50,-0.1952083259820938,0.02140012185432879,0.031508712540269324,-0.031380150864046476,-0.02127156017810594,-0.009330365521655932,-0.016648017266739923,-0.008299790500585873,0.32,0.44,0.5249942258513495
2026-04-07,8,50,-0.17873172461986542,0.0096228245841425,-0.0033660757169026723,-0.04315744813423278,-0.05614634843527794,-0.03812402525729464,-0.02086798652587407,-0.03999857449718657,0.26,0.36,0.6520037971862339
2026-04-07,9,50,-0.03438165783882141,0.009371241550123872,0.001337409034141368,-0.043409031168251386,-0.0514428636842339,-0.03719750575903957,-0.03275295850268445,-0.04039619607941119,0.26,0.3,0.6885678429121523
2026-04-07,10,51,0.1210193857550621,0.07580664938476603,0.06992560465952136,0.023026376666390756,0.01714533194114609,0.03336413056352074,0.038559961195493264,0.031532761703304366,0.5882352941176471,0.6078431372549019,0.42033229568946195
2026-04-08,1,51,-0.23396237194538116,-0.016825925364060274,-0.024836468708199333,-0.06340568620922196,-0.07141622955336102,-0.012329243840926056,-0.006811468554131004,-0.012155982142025862,0.11764705882352941,0.4117647058823529,0.6414489547635093
2026-04-08,2,50,-0.23396238684654236,-0.01830320472676168,-0.020917290549772982,-0.06488296557192336,-0.06749705139493467,-0.014333648292969086,-0.014155183924362658,-0.01586528653302405,0.08,0.38,0.6267689797594749
2026-04-08,3,50,-0.23396238684654236,-0.0038682937295603814,-0.004420919595976958,-0.05044805457472207,-0.051000680441138646,-0.005486374775103702,-0.011356144438394665,-0.005446551982437887,0.16,0.28,0.6561208886054506
2026-04-08,4,50,-0.23346294462680817,-0.010843513133619663,-0.009859850782442225,-0.057423273978781345,-0.056439611627603914,-0.01232422309674726,-0.00910498489239264,-0.01131491693929465,0.14,0.46,0.5181815025004138
2026-04-08,5,50,-0.22270925343036652,-0.001512755101904062,0.00037792487256527174,-0.048092515947065755,-0.04620183597259642,-0.007649899773278934,-0.019214205696776676,-0.008891556274883073,0.24,0.44,0.44947829773737424
2026-04-08,6,50,-0.20446006953716278,0.019068547023527747,0.017240451931329503,-0.02751121382163394,-0.029339308913832185,0.0025318204653189636,0.012222092693731423,0.002714745331136603,0.38,0.54,0.4466712981504982
2026-04-08,7,50,-0.19475938379764557,0.013029578552869504,0.00885085990470269,-0.03355018229229219,-0.037728900940459,-0.01443043666418304,-0.03886197775115091,-0.013412594310285172,0.34,0.36,0.6299977021537287
2026-04-08,8,50,-0.17680762708187103,0.015104976347443849,0.018970148831998768,-0.03147478449771784,-0.02760961201316292,-0.02413939237210494,-0.017342572536585554,-0.022290459924057916,0.38,0.44,0.4522208284019092
2026-04-08,9,50,-0.032078955322504044,0.032892078436357435,0.015804263980078503,-0.013687682408804261,-0.030775496865083185,-0.013963665941404968,-0.01660747836879156,-0.017112938268517584,0.4,0.42,0.6158209942160939
2026-04-08,10,51,0.113166943192482,0.07779986231133415,0.06445548978991633,0.03122010146617247,0.017875728944754643,0.042431000326512806,0.03759773746765188,0.03997092668554545,0.5686274509803921,0.6274509803921569,0.4220136959595468
2026-04-09,1,51,-0.23396237194538116,0.004344548923460106,0.004203590673442781,-0.05334825110039847,-0.05348920935041579,-0.014289706969228419,-0.008011426179848678,-0.014484220282040737,0.13725490196078433,0.4117647058823529,0.5269709525912912
2026-04-09,2,50,-0.23396238684654236,0.0025174398654088416,0.005967469513338264,-0.05517536015844973,-0.051725330510520307,-0.016368800503050215,-0.011899133244377023,-0.01705059907466446,0.12,0.32,0.6907354634987457
2026-04-09,3,50,-0.23396238684654236,0.022051357238659922,0.012998842995045501,-0.03564144278519866,-0.04469395702881307,-0.0014455190916207083,-0.008399374154652138,-0.005810935704499076,0.2,0.38,0.6361609198639675
2026-04-09,4,50,-0.23317137360572815,0.015334233720891346,0.012173658239571061,-0.042358566302967235,-0.04551914178428751,-0.008799496758310306,-0.006246923026892169,-0.008671969262085273,0.18,0.42,0.48125109021714096
2026-04-09,5,50,-0.22233036160469055,0.008457657139924368,0.009245647569631643,-0.0492351428839342,-0.04844715245422693,-0.015251630193974628,-0.015843507599193618,-0.01698988654378757,0.26,0.44,0.5944537516000847
2026-04-09,6,50,-0.20465223491191864,0.05714631591956294,0.05761379380951126,-0.0005464841042956192,-7.900621434731026e-05,0.0176603613984762,0.012843272521973094,0.018230983551468617,0.48,0.58,0.4487535596325569
2026-04-09,7,50,-0.19433361291885376,0.03523021021787902,0.029382343668972855,-0.022462589805979552,-0.028310456354885716,-0.005085106443045401,-0.018566681174440658,-0.0061055175220013,0.38,0.4,0.5925847512554069
2026-04-09,8,50,-0.17567621171474457,0.03596036060711629,0.03944190288721472,-0.021732439416742282,-0.01825089713664385,-0.019942663153703508,-0.014686734567628423,-0.020720997748067647,0.44,0.42,0.46002063619892425
2026-04-09,9,50,-0.03354553133249283,0.046289594114187385,0.026017220425808896,-0.011403205909671189,-0.031675579598049675,-0.00924454421340462,-0.016550676390890195,-0.013301652730213496,0.4,0.42,0.6370025570719295
2026-04-09,10,51,0.11553435027599335,0.10392315047598175,0.08891226754747383,0.04623035045212317,0.031219467523615263,0.051387037196719006,0.03310715558223337,0.04641580441423699,0.5882352941176471,0.6274509803921569,0.385443505312985
2026-04-10,1,51,-0.23396237194538116,0.0032975766092667507,0.004207687276339911,-0.04705958715337425,-0.04614947648630108,-0.009235180750482153,-0.009560645396125387,-0.009629369655799499,0.13725490196078433,0.4117647058823529,0.5378534638041155
2026-04-10,2,50,-0.23396238684654236,-0.007149225530269532,0.0029389829439859794,-0.05750638929291051,-0.04741818081865501,-0.01568460389397346,-0.016874371328746585,-0.014976168691832898,0.1,0.4,0.657430570817866
2026-04-10,3,50,-0.23396238684654236,0.007912669031785448,0.005921913804251777,-0.04244449473085554,-0.04443524995838921,-0.00720846568695074,-0.011367149027900035,-0.009074668547005721,0.2,0.44,0.6257137695209921
2026-04-10,4,50,-0.23321214318275452,0.0005354733838596837,0.01383962389113913,-0.04982169037878131,-0.03651753987150186,-0.013887164361816655,-0.008517323740687364,-0.012250855895370272,0.24,0.38,0.44656924702055983
2026-04-10,5,50,-0.22256489098072052,0.0022658305525873955,-0.001610145539127139,-0.0480913332100536,-0.05196730930176813,-0.014162691669901837,-0.02197870464262852,-0.015599516955438139,0.26,0.38,0.6222577443055994
2026-04-10,6,50,-0.20453976094722748,0.03524121417025333,0.0162308917045646,-0.015115949592387655,-0.03412627205807639,0.010549991970100309,-0.0023073201898424754,0.009373843160964363,0.36,0.48,0.4841523694838387
2026-04-10,7,50,-0.1944771260023117,0.01712516842023299,0.0230782916830945,-0.033231995342408,-0.02727887207954649,-0.01476703628257908,-0.016660402896174653,-0.01419856471307634,0.36,0.42,0.5175965329240172
2026-04-10,8,50,-0.17544303834438324,0.013895793009814228,0.020321175417267634,-0.03646137075282676,-0.030035988345373354,-0.029592962007874535,-0.021189716468324515,-0.03027235061638792,0.36,0.4,0.4842491492054498
2026-04-10,9,50,-0.030782558023929596,0.018681157096242015,0.004190823715589431,-0.03167600666639897,-0.04616634004705156,-0.024221366175110625,-0.028268403987517343,-0.02789532956945855,0.32,0.32,0.7628452288027648
2026-04-10,10,51,0.11645199358463287,0.08814300852257423,0.061671235712247974,0.037785844759933254,0.011314071949606985,0.040420336586286014,0.005571128812732086,0.03749072099585116,0.5490196078431373,0.5294117647058824,0.480677866200624
2026-04-13,1,51,-0.23396237194538116,-0.00830897780714914,-0.011153256862825867,-0.042220199544685054,-0.04506447860036178,-0.010992205779012791,-0.00978771111867288,-0.011075534990190003,0.17647058823529413,0.39215686274509803,0.5797769065249266
2026-04-13,2,50,-0.23396238684654236,-0.009012528624120067,-0.003989263543358712,-0.042923750361655987,-0.037900485280894625,-0.008662253527858892,-0.005740234889470728,-0.00875837556305825,0.16,0.44,0.6156448040247909
2026-04-13,3,50,-0.23396238684654236,-0.004211592106995443,-0.005193786765181396,-0.03812281384453135,-0.03910500850271731,-0.01001207707773447,-0.006848521615971935,-0.011236047920556618,0.22,0.42,0.6369064150561793
2026-04-13,4,50,-0.23396238684654236,-0.013608685649640654,-0.006457342944113931,-0.04751990738717657,-0.04036856468164984,-0.01653255354685829,-0.013810676087852745,-0.019214245939697987,0.24,0.4,0.5733264577002004
2026-04-13,5,50,-0.22358760237693787,-0.01123569018533499,-0.014062639468456817,-0.0451469119228709,-0.04797386120599273,-0.01319018720992751,-0.01741157005481553,-0.015893657287064378,0.26,0.38,0.5602290507973505
2026-04-13,6,50,-0.20454207062721252,0.026659548227483364,0.014848528888850132,-0.007251673510052547,-0.01906269284868578,0.010735320789201865,0.0004163852813369186,0.008225081059624651,0.44,0.52,0.49291234168520703
2026-04-13,7,50,-0.1944170445203781,-0.00035447541473873965,0.0002707421861932735,-0.034265697152274656,-0.03364047955134264,-0.020132769936645135,-0.03332305644614425,-0.02142771839205886,0.4,0.4,0.5389591960118048
2026-04-13,8,50,-0.1672200709581375,0.003873564662628071,0.001161169886629676,-0.03003765707490784,-0.03275005185090624,-0.02266773225826238,-0.02160451983318079,-0.019898245466834462,0.42,0.38,0.4511205793019632
2026-04-13,9,50,-0.02973741851747036,0.008844757147497351,-0.0017627128048604557,-0.025066464590038563,-0.03567393454239637,-0.02059577937923267,-0.03231625136192745,-0.022896514011984268,0.4,0.38,0.5889099132008144
2026-04-13,10,51,0.11677687615156174,0.08296770374414257,0.0525492965193195,0.049056482006606665,0.018638074781783587,0.04877617365844509,0.01608364372425647,0.044168541474439896,0.5686274509803921,0.5490196078431373,0.4230509154652819
2026-04-14,1,51,-0.23396237194538116,-0.0009320678440789739,-0.00302999601192544,-0.034977867493654745,-0.03707579566150121,-0.008614745767255861,-0.011603700093480938,-0.00871547750398758,0.19607843137254902,0.43137254901960786,0.49247764600535043
2026-04-14,2,50,-0.23396238684654236,-0.00802850236315948,-0.002505946022574257,-0.042074302012735244,-0.03655174567215003,-0.01506766023235667,-0.010466575650148966,-0.014800408879340443,0.18,0.34,0.6668954361892991
2026-04-14,3,50,-0.23396238684654236,0.007769756185443089,0.005438540720454466,-0.026276043464132676,-0.028607258929121304,-0.0034194921366537943,-0.0009434387207647428,-0.007931442560462324,0.2,0.5,0.611096398221801
2026-04-14,4,50,-0.23362091183662415,-0.00318532383427369,0.0038118205141256523,-0.037231123483849465,-0.030233979135450118,-0.011510515777433884,-0.009863273031189999,-0.01187728652012765,0.24,0.48,0.5694676452767472
2026-04-14,5,50,-0.2225426286458969,0.00242908468608231,-0.004973516155691637,-0.031616714963493456,-0.03901931580526741,-0.00832739311098631,-0.014141290547680705,-0.007783057957659891,0.28,0.38,0.6081761333936374
2026-04-14,6,50,-0.2046695351600647,0.029072792874150755,0.0063234599766135435,-0.004973006775425013,-0.027722339672962226,0.012234962916674676,0.0015874287650460297,0.010151803215747834,0.4,0.52,0.5170066701424071
2026-04-14,7,50,-0.19405002892017365,0.022870966443766107,0.012212425602459609,-0.01117483320580966,-0.02183337404711616,-0.0030756362763761902,-0.013936886048645512,-0.00323694330180139,0.42,0.44,0.5084861471875654
2026-04-14,8,50,-0.16701169312000275,-0.011449330014093276,-0.013657300742104472,-0.045495129663669046,-0.04770310039168024,-0.04568635600503086,-0.05444629605095885,-0.0446513412902474,0.34,0.32,0.5753146944427854
2026-04-14,9,50,-0.030524013563990593,0.009083948227393208,-0.009338266541042861,-0.02496185142218256,-0.04338406619061863,-0.029981976398220107,-0.05264143819852496,-0.03288028883301079,0.38,0.28,0.6676366838294179
2026-04-14,10,51,0.11659056693315506,0.09424785551881215,0.0314881740541928,0.060202055869236396,-0.002557625595382973,0.05573240742738175,0.019061087967484014,0.05245182053396397,0.49019607843137253,0.5294117647058824,0.4648105949484869
2026-04-15,1,51,-0.23396237194538116,-0.0032927656805651047,-0.012169652926717123,-0.04914124667790695,-0.05801813392405897,-0.013163842598674666,-0.007836620087330713,-0.013375944658195244,0.1568627450980392,0.27450980392156865,0.5880953144870067
2026-04-15,2,50,-0.23396238684654236,0.00136961668473486,-0.004850490290772336,-0.04447886431260699,-0.05069897128811418,-0.010036317194430228,-0.010316174269919097,-0.01077066518076632,0.22,0.3,0.6778444550850943
2026-04-15,3,50,-0.23396238684654236,0.008966521753836807,0.008969975858803103,-0.036881959243505034,-0.03687850513853874,-0.004081158977069406,-0.0026309197371029423,-0.009691873513070106,0.14,0.44,0.6700388198328884
2026-04-15,4,50,-0.23375749588012695,-0.003235057465723874,0.0021358172393837194,-0.049083538463065714,-0.043712663757958126,-0.01958590022380996,-0.014578270642573332,-0.01992556908367303,0.18,0.38,0.6085753345887711
2026-04-15,5,50,-0.22302931547164917,0.0007473805417147928,-0.006221220735931121,-0.04510110045562705,-0.052069701733272966,-0.015025847817546891,-0.01745441331877834,-0.016850914920568137,0.22,0.42,0.5753600544002878
2026-04-15,6,50,-0.2046695351600647,0.04193135223758178,0.04106985635254612,-0.003917128759760056,-0.004778624644795726,0.010310150463321963,0.0027386908074334432,0.008669986150022744,0.44,0.52,0.4811782722840617
2026-04-15,7,50,-0.19459444284439087,0.0186734685327974,0.005170084413871456,-0.027175012464544446,-0.04067839658347039,-0.01865774420090405,-0.014267268953639776,-0.018604391627495345,0.3,0.32,0.5970024574036451
2026-04-15,8,50,-0.16937407851219177,-0.007011656464812182,-0.012598619618468865,-0.05286013746215403,-0.05844710061581071,-0.054285854469517544,-0.062036829947255956,-0.052792366077286886,0.3,0.34,0.5640334302775903
2026-04-15,9,50,-0.030347643420100212,0.010210167447120786,-0.017455683177563353,-0.03563831355022106,-0.0633041641749052,-0.038502034534454596,-0.03944198615194572,-0.04174058173587019,0.3,0.26,0.7817769199394633
2026-04-15,10,51,0.11452716588973999,0.10076324741557315,0.045255785283425665,0.0549147664182313,-0.0005926957139161804,0.050569521250755846,0.0006480176883801327,0.04885243222733406,0.49019607843137253,0.5098039215686274,0.46271657535174526
2026-04-16,1,51,-0.23396237194538116,-0.021463746488867414,-0.021433739324148826,-0.05165497920234908,-0.0516249720376305,-0.012776777741681126,-0.007583758899257718,-0.010803584467153965,0.1568627450980392,0.39215686274509803,0.5224705415889404
2026-04-16,2,50,-0.23396238684654236,-0.010342249772583401,-0.015011496363874721,-0.04053348248606509,-0.045202729077356396,-0.004919586879838862,-0.006263116211954576,-0.005969527029477819,0.14,0.42,0.62086496175966
2026-04-16,3,50,-0.23396238684654236,-0.005163817629832748,-0.01553682511530552,-0.035355050343314424,-0.045728057828787194,-0.001684374860122555,-0.0060472287184050715,-0.007791550758159469,0.14,0.4,0.7205002490722432
2026-04-16,4,50,-0.23396238684654236,-0.019143419680173045,-0.01846027920719684,-0.04933465239365471,-0.048651511920678514,-0.016645187046002957,-0.013761382114109598,-0.017813299461789854,0.2,0.4,0.5500683221595843
2026-04-16,5,50,-0.2230181246995926,-0.02279190076424382,-0.024269368196350893,-0.0529831334777255,-0.05446060090983257,-0.02207915832130813,-0.021493358480485336,-0.022289729279874194,0.16,0.32,0.7525981771139817
2026-04-16,6,50,-0.2045438140630722,0.01447482471727189,0.0031942839496005293,-0.015716407996209783,-0.026996948763881146,0.006784384584496495,-0.007798727038428986,0.0051211163312289195,0.32,0.46,0.5140769772049405
2026-04-16,7,50,-0.19500651955604553,-0.002736727042270983,-0.00499457358615768,-0.03292795975575266,-0.035185806299639355,-0.023854981535998493,-0.032327720870931664,-0.023114309058818883,0.38,0.36,0.6323975732548669
2026-04-16,8,50,-0.1703696846961975,-0.021080584017487903,-0.02527835185213484,-0.05127181673096958,-0.055469584565616514,-0.0451955290342401,-0.055288948888967016,-0.045106792481633386,0.3,0.3,0.5403585574549389
2026-04-16,9,50,-0.03053312748670578,-0.004808765360135918,-0.02125059058264167,-0.034999998073617596,-0.051441823296123346,-0.032329492276402874,-0.03322590642929746,-0.03377279608196957,0.3,0.3,0.7126929050750372
2026-04-16,10,51,0.1126849576830864,0.08478228009584722,0.04541069227960293,0.05459104738236555,0.015219459566121252,0.05056117534212706,0.008739483707936703,0.04722580331943237,0.5490196078431373,0.5098039215686274,0.46437262248490785
2026-04-17,1,51,-0.23396237194538116,-0.02754129069408364,-0.028859709242856857,-0.06831906697910997,-0.06963748552788318,-0.016933451399455204,-0.009623738202109764,-0.014483442980165087,0.13725490196078433,0.35294117647058826,0.5302272814769248
2026-04-17,2,50,-0.23396238684654236,-0.016721991018871812,-0.023521469671183015,-0.057499767303898136,-0.06429924595620934,-0.008631600061286831,-0.006845882344562236,-0.010599456470084366,0.16,0.38,0.6256228920024454
2026-04-17,3,50,-0.23396238684654236,-0.00802989122064147,-0.023834277140197813,-0.0488076675056678,-0.06461205342522414,-0.007943215303537397,-0.002244185515135054,-0.010934213173392692,0.12,0.46,0.7249051577299788
2026-04-17,4,50,-0.23375749588012695,-0.02384346733715965,-0.016752364540605913,-0.06462124362218598,-0.05753014082563224,-0.017897775498383263,-0.012738300361328503,-0.018449568723878228,0.14,0.38,0.5797586402931609
2026-04-17,5,50,-0.22332553565502167,-0.02222296882484047,-0.02930204351646093,-0.0630007451098668,-0.07007981980148725,-0.018664629247042767,-0.01944005759359807,-0.01928531354716703,0.16,0.34,0.6300874691955867
2026-04-17,6,50,-0.2041311413049698,0.010375306871035772,-0.00722112291583471,-0.030402469413990548,-0.047998899200861034,-0.0007397742634649651,-0.014249397057296886,-0.003114686568417961,0.36,0.46,0.4345659485191033
2026-04-17,7,50,-0.19528649747371674,-0.008672150010805742,-0.022539528261946107,-0.04944992629583207,-0.06331730454697243,-0.031041138208425988,-0.03134075461491337,-0.030392596662743233,0.36,0.34,0.5550390276914128
2026-04-17,8,50,-0.17237788438796997,-0.018516719954423413,-0.02182272386929268,-0.05929449623944975,-0.062600500154319,-0.05308980028875821,-0.057898914066657314,-0.05435258017769752,0.3,0.32,0.5778496021734932
2026-04-17,9,50,-0.03257472813129425,-0.001190447822410965,-0.025918674393141217,-0.04196822410743729,-0.06669645067816754,-0.04222318819250113,-0.04465804724830841,-0.05085676780431499,0.26,0.26,0.8408057125813773
2026-04-17,10,51,0.10932380706071854,0.10024298839906674,0.012992273547198785,0.05946521211404041,-0.02778550273782754,0.05676879731524715,-0.006744401407092258,0.05025995395053968,0.43137254901960786,0.49019607843137253,0.5245447412539465
